Model,permno,evtdate,cret,car,bhar,nrets,nrets_est
Market-Adjusted Model,10113,2012-10-22,-0.014905623,0.0278584238,0.02732634,21,100
Market-Adjusted Model,10151,2012-10-22,0.0039534468,0.0465740184,0.0461854099,21,100
Market-Adjusted Model,10158,2012-10-22,-0.083765133,-0.040388601,-0.04153317,21,100
Market-Adjusted Model,10201,2012-10-22,-0.160782628,-0.125294647,-0.118550665,21,100
Market-Adjusted Model,10220,2012-10-22,0.025390611,0.068876938,0.0676225741,21,100
Market-Adjusted Model,10223,2012-10-22,-0.228915663,-0.194878431,-0.186683699,21,100
Market-Adjusted Model,11003,2012-10-22,0.0141422764,0.0589057214,0.0563742395,21,100
Market-Adjusted Model,11061,2012-10-22,0.2184996377,0.2615919329,0.2607316008,21,100
Market-Adjusted Model,11182,2012-10-22,-0.218085155,-0.179229427,-0.175853191,21,100
Market-Adjusted Model,11264,2012-10-22,-0.096861773,-0.055400623,-0.05462981,21,100
Market-Adjusted Model,11361,2012-10-22,0.0607934186,0.1036656812,0.1030253817,21,100
Market-Adjusted Model,11363,2012-10-22,-0.061170216,-0.019015706,-0.018938253,21,100
Market-Adjusted Model,11370,2012-10-22,0.0809943266,0.1253709405,0.1232262897,21,100
Market-Adjusted Model,11407,2012-10-22,-0.061244731,-0.019979444,-0.019012768,21,100
Market-Adjusted Model,11505,2012-10-22,-0.024650116,0.0188668396,0.0175818476,21,100
Market-Adjusted Model,11648,2012-10-22,0.0176256218,0.0604768068,0.0598575849,21,100
Market-Adjusted Model,11664,2012-10-22,-0.134630386,-0.071860879,-0.092398423,21,100
Market-Adjusted Model,11814,2012-10-22,-0.034946861,0.0081923835,0.0072851023,21,100
Market-Adjusted Model,11969,2012-10-22,-0.020853009,0.0232216561,0.0213789537,21,100
Market-Adjusted Model,11972,2012-10-22,-0.054634858,-0.010608531,-0.012402895,21,100
Market-Adjusted Model,11979,2012-10-22,-0.00772751,0.0360641382,0.0345044532,21,100
Market-Adjusted Model,11980,2012-10-22,-0.015867076,0.0282826569,0.0263648875,21,100
Market-Adjusted Model,11984,2012-10-22,-0.024846977,0.0187756061,0.0173849863,21,100
Market-Adjusted Model,11986,2012-10-22,-0.007580095,0.035620657,0.0346518684,21,100
Market-Adjusted Model,11988,2012-10-22,-0.02219352,0.0212865847,0.0200384432,21,100
Market-Adjusted Model,11989,2012-10-22,-0.005523936,0.0376009991,0.0367080274,21,100
Market-Adjusted Model,11990,2012-10-22,-0.007693581,0.0379369752,0.0345383824,21,100
Market-Adjusted Model,11993,2012-10-22,0.3272727812,0.3463424162,0.3695047443,21,100
Market-Adjusted Model,11996,2012-10-22,0.002661027,0.0450330562,0.0448929901,21,100
Market-Adjusted Model,11999,2012-10-22,-0.175551456,-0.138032101,-0.133319493,21,100
Market-Adjusted Model,12007,2012-10-22,-0.277741204,-0.226280887,-0.235509241,21,100
Market-Adjusted Model,12009,2012-10-22,-0.058918925,-0.013874319,-0.016686962,21,100
Market-Adjusted Model,12011,2012-10-22,0.0344061512,0.0791208396,0.0766381142,21,100
Market-Adjusted Model,12014,2012-10-22,0.0196078245,0.0631392403,0.0618397875,21,100
Market-Adjusted Model,12015,2012-10-22,-0.005054402,0.0378957974,0.0371775608,21,100
Market-Adjusted Model,12017,2012-10-22,-0.28634359,-0.064137562,-0.244111627,21,100
Market-Adjusted Model,12018,2012-10-22,0.2931034046,0.3174859126,0.3353353677,21,100
Market-Adjusted Model,12021,2012-10-22,0.0110395494,0.0543564231,0.0532715125,21,100
Market-Adjusted Model,12023,2012-10-22,-0.267123267,-0.222985691,-0.224891303,21,100
Market-Adjusted Model,12025,2012-10-22,-0.064120521,-0.022533264,-0.021888558,21,100
Market-Adjusted Model,12026,2012-10-22,-0.047046501,0.0049870181,-0.004814538,21,100
Market-Adjusted Model,12027,2012-10-22,-0.122580609,-0.084617291,-0.080348645,21,100
Market-Adjusted Model,12030,2012-10-22,-0.125807664,-0.058137504,-0.083575701,21,100
Market-Adjusted Model,12034,2012-10-22,-0.039138969,0.0030595657,0.0030929938,21,100
Market-Adjusted Model,12035,2012-10-22,-0.015101084,0.0272393612,0.0271308792,21,100
Market-Adjusted Model,12038,2012-10-22,-0.055350586,-0.008233966,-0.013118623,21,100
Market-Adjusted Model,12039,2012-10-22,-0.008073752,0.0345805345,0.0341582116,21,100
Market-Adjusted Model,12043,2012-10-22,0.0145166797,0.0460191184,0.0459308971,16,100
Market-Adjusted Model,12047,2012-10-22,-0.074098518,-0.031990606,-0.031866554,21,100
Market-Adjusted Model,12049,2012-10-22,-0.181773918,-0.149124511,-0.139541955,21,100
Market-Adjusted Model,12051,2012-10-22,-0.178247707,-0.149024127,-0.136015744,21,100
Market-Adjusted Model,12054,2012-10-22,-0.058510626,-0.015221518,-0.016278663,21,100
Market-Adjusted Model,12056,2012-10-22,-0.070175482,-0.015405666,-0.027943519,21,100
Market-Adjusted Model,12057,2012-10-22,-0.141327588,-0.10288704,-0.099095625,21,100
Market-Adjusted Model,12059,2012-10-22,0.0029946765,0.0453370044,0.0452266396,21,100
Market-Adjusted Model,12064,2012-10-22,0.0006001035,0.0429011621,0.0428320666,21,100
Market-Adjusted Model,12065,2012-10-22,0.0034044626,0.045797689,0.0456364257,21,100
Market-Adjusted Model,12066,2012-10-22,-0.027464252,0.0149754598,0.0147677112,21,100
Market-Adjusted Model,12070,2012-10-22,0.0093572298,0.0524396744,0.0515891929,21,100
Market-Adjusted Model,12075,2012-10-22,0.0075936999,0.0499279645,0.049825663,21,100
Market-Adjusted Model,12078,2012-10-22,-0.148809533,-0.106808372,-0.10657757,21,100
Market-Adjusted Model,12080,2012-10-22,-0.005333329,0.0389463258,0.0368986341,21,100
Market-Adjusted Model,12082,2012-10-22,-0.188701895,-0.136991669,-0.146469931,21,100
Market-Adjusted Model,12084,2012-10-22,0.0051423691,0.0666194517,0.0473743322,21,100
Market-Adjusted Model,12085,2012-10-22,-0.11051215,-0.066398848,-0.068280187,21,100
Market-Adjusted Model,12088,2012-10-22,-0.083809532,-0.041191108,-0.041577569,21,100
Market-Adjusted Model,12089,2012-10-22,-0.11782605,-0.079095836,-0.075594087,21,100
Market-Adjusted Model,12090,2012-10-22,-0.102473486,-0.060540812,-0.060241523,21,100
Market-Adjusted Model,12093,2012-10-22,-0.176319696,-0.146470771,-0.134087733,21,100
Market-Adjusted Model,12097,2012-10-22,0.0491367728,0.1019969794,0.0913687359,21,100
Market-Adjusted Model,12098,2012-10-22,-0.000400811,0.0424358428,0.0418311524,21,100
Market-Adjusted Model,12103,2012-10-22,0.0044406897,0.047039174,0.0466726528,21,100
Market-Adjusted Model,12105,2012-10-22,0.0035273033,0.0466779194,0.0457592664,21,100
Market-Adjusted Model,12109,2012-10-22,0.003372129,0.0463731641,0.045604092,21,100
Market-Adjusted Model,12219,2012-10-22,0.0732567739,0.1156939994,0.1154887369,21,100
Market-Adjusted Model,12287,2012-10-22,0.0050600849,0.0481148782,0.047292048,21,100
Market-Adjusted Model,12288,2012-10-22,-0.032276536,0.0111708436,0.0099554276,21,100
Market-Adjusted Model,12289,2012-10-22,0.0089666758,0.0513061513,0.0511986389,21,100
Market-Adjusted Model,12290,2012-10-22,0.0150260265,0.0574648387,0.0572579896,21,100
Market-Adjusted Model,12291,2012-10-22,-0.056217643,-0.007648861,-0.01398568,21,100
Market-Adjusted Model,12292,2012-10-22,-0.024156492,0.018780003,0.0180754716,21,100
Market-Adjusted Model,12293,2012-10-22,-0.000520301,0.0472407022,0.0417116624,21,100
Market-Adjusted Model,12294,2012-10-22,-0.046389686,-0.004512472,-0.004157723,21,100
Market-Adjusted Model,12295,2012-10-22,-0.037082265,0.0052966428,0.0051496984,21,100
Market-Adjusted Model,12296,2012-10-22,-0.037069379,0.0055810486,0.0051625844,21,100
Market-Adjusted Model,12297,2012-10-22,-0.036995956,0.0054839016,0.0052360074,21,100
Market-Adjusted Model,12301,2012-10-22,-0.034194085,0.0082983285,0.0080378779,21,100
Market-Adjusted Model,12302,2012-10-22,-0.016017262,0.0271820333,0.0262147006,21,100
Market-Adjusted Model,12303,2012-10-22,-0.010585932,0.0326500907,0.0316460306,21,100
Market-Adjusted Model,12304,2012-10-22,-0.012389822,0.0308647501,0.0298421414,21,100
Market-Adjusted Model,12305,2012-10-22,-0.043205254,-0.001039663,-0.000973291,21,100
Market-Adjusted Model,12306,2012-10-22,0.0047118616,0.0471619279,0.0469438246,21,100
Market-Adjusted Model,12307,2012-10-22,-0.096989949,-0.027890478,-0.054757986,21,100
Market-Adjusted Model,12308,2012-10-22,-0.092251374,-0.052222296,-0.050019411,21,100
Market-Adjusted Model,12309,2012-10-22,0.0318210563,0.0751271728,0.0740530194,21,100
Market-Adjusted Model,12310,2012-10-22,6.2881356219,3.4148579289,6.3303675849,21,100
Market-Adjusted Model,12312,2012-10-22,-0.265616481,-0.258967245,-0.223384518,21,100
Market-Adjusted Model,12313,2012-10-22,-0.035036766,0.0073230852,0.0071951967,21,100
Market-Adjusted Model,12314,2012-10-22,-0.048788717,-0.006999441,-0.006556754,21,100
Market-Adjusted Model,12315,2012-10-22,-0.035475392,0.0070200907,0.0067565708,21,100
Market-Adjusted Model,12316,2012-10-22,-0.042040661,0.0000613849,0.0001913024,21,100
Market-Adjusted Model,12317,2012-10-22,-0.046193686,-0.0038716,-0.003961723,21,100
Market-Adjusted Model,12318,2012-10-22,-0.043270972,-0.000840375,-0.001039009,21,100
Market-Adjusted Model,12321,2012-10-22,-0.04836987,-0.006128155,-0.006137907,21,100
Market-Adjusted Model,12322,2012-10-22,-0.020635336,0.0217534601,0.0215966268,21,100
Market-Adjusted Model,12323,2012-10-22,0.0501419778,0.0926709613,0.0923739409,21,100
Market-Adjusted Model,12324,2012-10-22,0.1788618109,0.2229287859,0.221093774,21,100
Market-Adjusted Model,12325,2012-10-22,-0.081176483,-0.021616292,-0.03894452,21,100
Market-Adjusted Model,12326,2012-10-22,-0.055599669,-0.013618587,-0.013367706,21,100
Market-Adjusted Model,12329,2012-10-22,-0.043821211,-0.001223238,-0.001589247,21,100
Market-Adjusted Model,12330,2012-10-22,-0.144027286,-0.109355278,-0.101795322,21,100
Market-Adjusted Model,12331,2012-10-22,-0.012494494,0.030225188,0.0297374693,21,100
Market-Adjusted Model,12332,2012-10-22,-0.0248472,0.0197506348,0.0173847632,21,100
Market-Adjusted Model,12333,2012-10-22,-0.039877262,0.0037535146,0.0023547007,21,100
Market-Adjusted Model,12334,2012-10-22,0.0140656238,0.062816621,0.0562975869,21,100
Market-Adjusted Model,12337,2012-10-22,0.0169712923,0.0614900702,0.0592032554,21,100
Market-Adjusted Model,12338,2012-10-22,-0.078787881,-0.037023399,-0.036555918,21,100
Market-Adjusted Model,12339,2012-10-22,0.0976191225,0.1415153888,0.1398510856,21,100
Market-Adjusted Model,12340,2012-10-22,-0.100000002,-0.056277223,-0.057768039,21,100
Market-Adjusted Model,12341,2012-10-22,-0.03885981,0.0031790421,0.003372153,21,100
Market-Adjusted Model,12342,2012-10-22,-0.026386634,0.0174278531,0.0158453286,21,100
Market-Adjusted Model,12345,2012-10-22,0.0018982269,0.0495548147,0.04413019,21,100
Market-Adjusted Model,12347,2012-10-22,0.4988706586,0.4777141179,0.5411026217,21,100
Market-Adjusted Model,12348,2012-10-22,-0.005702059,0.0458025744,0.0365299044,21,100
Market-Adjusted Model,12349,2012-10-22,-0.104147471,-0.062815133,-0.061915508,21,100
Market-Adjusted Model,12350,2012-10-22,-0.328271063,-0.330424194,-0.2860391,21,100
Market-Adjusted Model,12352,2012-10-22,0.0040899801,0.057434539,0.0463219432,21,100
Market-Adjusted Model,12353,2012-10-22,-0.037343339,0.0086162082,0.0048886243,21,100
Market-Adjusted Model,12355,2012-10-22,-0.02674775,0.016479344,0.0154842134,21,100
Market-Adjusted Model,12356,2012-10-22,-0.014108387,0.0341771962,0.0281235764,21,100
Market-Adjusted Model,12357,2012-10-22,0.1509434939,0.2318595404,0.193175457,21,100
Market-Adjusted Model,12358,2012-10-22,0.0579710374,0.1556120744,0.1002030005,21,100
Market-Adjusted Model,12359,2012-10-22,0.0465116257,0.0947015322,0.0887435888,21,100
Market-Adjusted Model,12360,2012-10-22,-0.320652191,-0.324600025,-0.278420228,21,100
Market-Adjusted Model,12362,2012-10-22,0.0396756659,0.0835646018,0.081907629,21,100
Market-Adjusted Model,12363,2012-10-22,0.1040849065,0.146842296,0.1463168696,21,100
Market-Adjusted Model,12364,2012-10-22,-0.093650816,-0.039101353,-0.051418853,21,100
Market-Adjusted Model,12365,2012-10-22,0.3434959308,0.3625362354,0.3857278939,21,100
Market-Adjusted Model,12366,2012-10-22,0.0356600362,0.0837010445,0.0778919993,21,100
Market-Adjusted Model,12367,2012-10-22,0.1363636146,0.1826751631,0.1785955777,21,100
Market-Adjusted Model,12368,2012-10-22,0.0141688954,0.0575114666,0.0564008584,21,100
Market-Adjusted Model,12369,2012-10-22,0.0092742492,0.0591599673,0.0515062123,21,100
Market-Adjusted Model,12370,2012-10-22,-0.072447848,-0.029967407,-0.030215885,21,100
Market-Adjusted Model,12371,2012-10-22,-0.035600762,0.0076892692,0.0066312012,21,100
Market-Adjusted Model,12372,2012-10-22,-0.108050342,-0.070205939,-0.065818379,21,100
Market-Adjusted Model,12373,2012-10-22,-0.036275047,0.0073908191,0.0059569158,21,100
Market-Adjusted Model,12374,2012-10-22,-0.180154133,-0.146814969,-0.13792217,21,100
Market-Adjusted Model,12375,2012-10-22,-0.06792284,-0.026096232,-0.025690877,21,100
Market-Adjusted Model,12376,2012-10-22,-0.010050208,0.0331906161,0.0321817554,21,100
Market-Adjusted Model,12377,2012-10-22,0.0294117362,0.0770028668,0.0716436993,21,100
Market-Adjusted Model,12379,2012-10-22,0.0077086112,0.0501618729,0.0499405743,21,100
Market-Adjusted Model,12380,2012-10-22,-0.096385524,-0.057107949,-0.05415356,21,100
Market-Adjusted Model,12381,2012-10-22,0.0016165857,0.0440443589,0.0438485488,21,100
Market-Adjusted Model,12382,2012-10-22,-0.162011157,-0.124359525,-0.119779194,21,100
Market-Adjusted Model,12383,2012-10-22,-0.160000021,-0.11749081,-0.117768057,21,100
Market-Adjusted Model,12384,2012-10-22,0.0223117731,0.0656206731,0.0645437361,21,100
Market-Adjusted Model,12385,2012-10-22,-0.026058604,0.0175907626,0.0161733588,21,100
Market-Adjusted Model,12388,2012-10-22,-0.056701038,-0.008765158,-0.014469075,21,100
Market-Adjusted Model,12389,2012-10-22,-0.183423899,-0.147481652,-0.141191936,21,100
Market-Adjusted Model,12390,2012-10-22,-0.142011835,-0.107541675,-0.099779872,21,100
Market-Adjusted Model,12391,2012-10-22,-0.113525118,-0.069768386,-0.071293155,21,100
Market-Adjusted Model,12392,2012-10-22,-0.199395727,-0.171333811,-0.157163763,21,100
Market-Adjusted Model,12397,2012-10-22,0.1415524806,0.1934748976,0.1837844437,21,100
Market-Adjusted Model,12398,2012-10-22,-0.025889944,0.017164108,0.0163420193,21,100
Market-Adjusted Model,12399,2012-10-22,-0.109890112,-0.061691742,-0.067658148,21,100
Market-Adjusted Model,12400,2012-10-22,-0.047538767,-0.0041914,-0.005306804,21,100
Market-Adjusted Model,12401,2012-10-22,0.1999999892,0.3162683735,0.2220387989,5,100
Market-Adjusted Model,12402,2012-10-22,0.0202020203,0.1883839137,0.0624339834,21,100
Market-Adjusted Model,12403,2012-10-22,0.0367923933,0.0804300098,0.0790243564,21,100
Market-Adjusted Model,12405,2012-10-22,-0.036202192,0.011515166,0.0060297713,21,100
Market-Adjusted Model,12406,2012-10-22,0.0640556366,0.1151082217,0.1062875997,21,100
Market-Adjusted Model,12409,2012-10-22,-0.002361329,0.0399567032,0.0398706337,21,100
Market-Adjusted Model,12410,2012-10-22,0.0042805136,0.0494157282,0.0465124767,21,100
Market-Adjusted Model,12411,2012-10-22,0.2408888631,0.265791519,0.2831208262,21,100
Market-Adjusted Model,12412,2012-10-22,0.0176734059,0.0605433985,0.059905369,21,100
Market-Adjusted Model,12413,2012-10-22,-0.274193525,-0.261147342,-0.231961562,21,100
Market-Adjusted Model,12437,2012-10-22,-0.130300728,-0.091944976,-0.088068765,21,100
Market-Adjusted Model,12438,2012-10-22,0.003934129,0.0462665472,0.0461660921,21,100
Market-Adjusted Model,12439,2012-10-22,-0.157894712,-0.122461072,-0.115662749,21,100
Market-Adjusted Model,12440,2012-10-22,-0.053571409,-0.010301727,-0.011339446,21,100
Market-Adjusted Model,12442,2012-10-22,0.1045473527,0.1784434329,0.1467793158,21,100
Market-Adjusted Model,12443,2012-10-22,-0.164846945,-0.100725041,-0.122614982,21,100
Market-Adjusted Model,12444,2012-10-22,-0.135255012,-0.096787278,-0.093023048,21,100
Market-Adjusted Model,12445,2012-10-22,-0.082532893,-0.041952048,-0.04030093,21,100
Market-Adjusted Model,12446,2012-10-22,-0.058394201,-0.014193757,-0.016162238,21,100
Market-Adjusted Model,12447,2012-10-22,-0.018439117,0.0298055378,0.0237928465,21,100
Market-Adjusted Model,12448,2012-10-22,0.0141632704,0.0575774096,0.0563952335,21,100
Market-Adjusted Model,12449,2012-10-22,0.0124863033,0.0558991238,0.0547182664,21,100
Market-Adjusted Model,12450,2012-10-22,-0.065995439,-0.024351719,-0.023763476,21,100
Market-Adjusted Model,12451,2012-10-22,-0.061855609,-0.019019602,-0.019623646,21,100
Market-Adjusted Model,12452,2012-10-22,-0.112359513,-0.068435645,-0.07012755,21,100
Market-Adjusted Model,12453,2012-10-22,-0.003525011,0.038774261,0.0387069517,21,100
Market-Adjusted Model,12454,2012-10-22,-0.125925977,-0.084540058,-0.083694014,21,100
Market-Adjusted Model,12455,2012-10-22,0.0889654687,0.145680451,0.1311974318,21,100
Market-Adjusted Model,12457,2012-10-22,-0.019323669,0.023692819,0.0229082945,21,100
Market-Adjusted Model,12460,2012-10-22,-0.00138339,0.0420892159,0.0408485731,21,100
Market-Adjusted Model,12461,2012-10-22,-0.064742442,-0.023600808,-0.022510479,21,100
Market-Adjusted Model,12462,2012-10-22,-0.00808174,0.0344428064,0.0341502227,21,100
Market-Adjusted Model,12463,2012-10-22,0.0309306499,0.0734408071,0.073162613,21,100
Market-Adjusted Model,12464,2012-10-22,-0.043267967,-0.000506321,-0.001036004,21,100
Market-Adjusted Model,12465,2012-10-22,-0.013106902,0.0300200391,0.0291250615,21,100
Market-Adjusted Model,12468,2012-10-22,-0.017595575,0.0256586656,0.0246363881,21,100
Market-Adjusted Model,12469,2012-10-22,-0.018332378,0.0247336677,0.0238995848,21,100
Market-Adjusted Model,12470,2012-10-22,-0.05411976,-0.012190645,-0.011887797,21,100
Market-Adjusted Model,12471,2012-10-22,-0.021390136,0.0216897393,0.0208418268,21,100
Market-Adjusted Model,12472,2012-10-22,0.0076813674,0.0505034174,0.0499133305,21,100
Market-Adjusted Model,12473,2012-10-22,0.0590809527,0.1067588943,0.1013129158,21,100
Market-Adjusted Model,12476,2012-10-22,-0.014187273,0.0301873152,0.0280446896,21,100
Market-Adjusted Model,12477,2012-10-22,-0.072317797,-0.029049413,-0.030085834,21,100
Market-Adjusted Model,12478,2012-10-22,0.0050710142,0.0528950468,0.0473029773,21,100
Market-Adjusted Model,12479,2012-10-22,-0.012820431,0.0014650633,0.0014924854,6,100
Market-Adjusted Model,12480,2012-10-22,-0.013084055,0.0336903917,0.0291479076,21,100
Market-Adjusted Model,12481,2012-10-22,0.0558881685,0.0996862847,0.0981201316,21,100
Market-Adjusted Model,12484,2012-10-22,0.3636364333,0.3873481211,0.4058683964,21,100
Market-Adjusted Model,12486,2012-10-22,0.0198675309,0.0834766819,0.062099494,21,100
Market-Adjusted Model,12487,2012-10-22,0.0111242487,0.0540883568,0.0533562118,21,100
Market-Adjusted Model,12488,2012-10-22,-0.25274727,-0.219556172,-0.210515306,21,100
Market-Adjusted Model,12489,2012-10-22,-0.105042009,-0.058450672,-0.062810046,21,100
Market-Adjusted Model,12492,2012-10-22,0.0105263077,0.0715112104,0.0527582708,21,100
Market-Adjusted Model,12493,2012-10-22,-0.108711839,-0.068691297,-0.066479876,21,100
Market-Adjusted Model,12494,2012-10-22,-0.063034107,-0.01825812,-0.020802144,21,100
Market-Adjusted Model,12496,2012-10-22,0.1299342024,0.1715425069,0.1721661655,21,100
Market-Adjusted Model,12497,2012-10-22,-0.247863217,-0.233645679,-0.205631254,21,100
Market-Adjusted Model,12498,2012-10-22,-0.028148158,0.0264087547,0.0140838055,21,100
Market-Adjusted Model,12499,2012-10-22,0.1551247084,0.1944392127,0.1973566714,21,100
Market-Adjusted Model,12500,2012-10-22,0.0530972919,0.0961919881,0.095329255,21,100
Market-Adjusted Model,12501,2012-10-22,-0.081760959,-0.037654285,-0.039528996,21,100
Market-Adjusted Model,12502,2012-10-22,0.0403659607,0.1014552272,0.0825979238,21,100
Market-Adjusted Model,12505,2012-10-22,0.041480513,0.0836373884,0.0837124761,21,100
Market-Adjusted Model,12507,2012-10-22,-0.265536753,-0.252137149,-0.22330479,21,100
Market-Adjusted Model,12508,2012-10-22,-0.01442836,0.0287300214,0.0278036027,21,100
Market-Adjusted Model,12509,2012-10-22,0.0034090596,0.0480786459,0.0456410227,21,100
Market-Adjusted Model,12510,2012-10-22,-0.009236777,0.0347119659,0.0329951861,21,100
Market-Adjusted Model,12513,2012-10-22,-0.007222852,0.0359809108,0.0350091111,21,100
Market-Adjusted Model,12514,2012-10-22,0.033616919,0.0759140958,0.0758488821,21,100
Market-Adjusted Model,12515,2012-10-22,-0.077631075,-0.037029669,-0.035399112,21,100
Market-Adjusted Model,12516,2012-10-22,-0.005568557,0.0370227447,0.0366634061,21,100
Market-Adjusted Model,12517,2012-10-22,0.0071364174,0.0494552863,0.0493683805,21,100
Market-Adjusted Model,12518,2012-10-22,0.003069624,0.0453756284,0.0453015871,21,100
Market-Adjusted Model,12519,2012-10-22,0.0024117914,0.0447215675,0.0446437545,21,100
Market-Adjusted Model,12520,2012-10-22,0.0033228407,0.0457428965,0.0455548038,21,100
Market-Adjusted Model,12521,2012-10-22,-0.179943773,-0.145795279,-0.13771181,21,100
Market-Adjusted Model,12522,2012-10-22,-0.034893302,0.0074466511,0.0073386613,21,100
Market-Adjusted Model,12523,2012-10-22,-0.019420781,0.0233614234,0.0228111825,21,100
Market-Adjusted Model,12526,2012-10-22,0.0301841057,0.0327014115,0.0328632945,9,100
Market-Adjusted Model,12527,2012-10-22,-0.25999997,-0.243165937,-0.217768007,21,100
Market-Adjusted Model,12528,2012-10-22,-0.013194415,0.0307481033,0.0290375478,21,100
Market-Adjusted Model,12529,2012-10-22,-0.028669235,0.0152772769,0.0135627282,21,100
Market-Adjusted Model,12530,2012-10-22,-0.029929546,0.0154540263,0.0123024167,21,100
Market-Adjusted Model,12531,2012-10-22,0.0868609091,0.1406808429,0.1290928722,21,100
Market-Adjusted Model,12533,2012-10-22,-0.036160691,0.0066708459,0.006071272,21,100
Market-Adjusted Model,12534,2012-10-22,-0.071973469,-0.031233008,-0.029741506,21,100
Market-Adjusted Model,12535,2012-10-22,-0.01426479,0.0287826638,0.0279671732,21,100
Market-Adjusted Model,12536,2012-10-22,-0.006269403,0.0364040802,0.0359625605,21,100
Market-Adjusted Model,12537,2012-10-22,-0.019721401,0.0224521495,0.0225105621,21,100
Market-Adjusted Model,12540,2012-10-22,-0.046121551,-0.001578564,-0.003889588,21,100
Market-Adjusted Model,12541,2012-10-22,-0.081889055,-0.040130579,-0.039657092,21,100
Market-Adjusted Model,12542,2012-10-22,-0.046443659,-0.002008581,-0.004211696,21,100
Market-Adjusted Model,12543,2012-10-22,0.0125186837,0.0553865377,0.0547506468,21,100
Market-Adjusted Model,12545,2012-10-22,-0.150148898,-0.112892495,-0.107916935,21,100
Market-Adjusted Model,12548,2012-10-22,0.1072170551,0.1521673119,0.1494490182,21,100
Market-Adjusted Model,12549,2012-10-22,-0.135839398,-0.098787809,-0.093607435,21,100
Market-Adjusted Model,12550,2012-10-22,-0.07349897,-0.023588476,-0.031267006,21,100
Market-Adjusted Model,12551,2012-10-22,0.0061700894,0.0513838631,0.0484020525,21,100
Market-Adjusted Model,12552,2012-10-22,-0.026119608,0.0163343375,0.0161123549,21,100
Market-Adjusted Model,12553,2012-10-22,-0.021866844,0.0207775086,0.0203651189,21,100
Market-Adjusted Model,12556,2012-10-22,-0.092592612,-0.048174866,-0.050360649,21,100
Market-Adjusted Model,12557,2012-10-22,0.090634425,0.1369819694,0.1328663881,21,100
Market-Adjusted Model,12558,2012-10-22,-0.065322138,-0.023601879,-0.023090175,21,100
Market-Adjusted Model,12559,2012-10-22,-0.132427802,-0.086369436,-0.090195839,21,100
Market-Adjusted Model,12560,2012-10-22,-0.029152423,0.0132970349,0.0130795398,21,100
Market-Adjusted Model,12561,2012-10-22,0.0047169385,0.0474982045,0.0469489016,21,100
Market-Adjusted Model,12564,2012-10-22,-0.009617545,0.0334568125,0.0326144185,21,100
Market-Adjusted Model,12565,2012-10-22,-0.003627969,0.0387681002,0.0386039937,21,100
Market-Adjusted Model,12566,2012-10-22,1.236744E-10,0.0427358978,0.0422319632,21,100
Market-Adjusted Model,12567,2012-10-22,-0.025455243,0.0189924542,0.0167767198,21,100
Market-Adjusted Model,12568,2012-10-22,-0.044396665,-0.000583019,-0.002164701,21,100
Market-Adjusted Model,12569,2012-10-22,-0.027027002,0.0232997324,0.0152049611,21,100
Market-Adjusted Model,12572,2012-10-22,-0.138364797,-0.098913507,-0.096132834,21,100
Market-Adjusted Model,12573,2012-10-22,-0.095394727,-0.052371117,-0.053162764,21,100
Market-Adjusted Model,12574,2012-10-22,-0.526946089,-0.671028945,-0.484714126,21,100
Market-Adjusted Model,12575,2012-10-22,-0.16546759,-0.121475821,-0.123235627,21,100
Market-Adjusted Model,12576,2012-10-22,-0.203435799,-0.173033342,-0.161203836,21,100
Market-Adjusted Model,12577,2012-10-22,-0.099404716,-0.058754609,-0.057172753,21,100
Market-Adjusted Model,12578,2012-10-22,-0.021920974,0.022119439,0.0203109889,21,100
Market-Adjusted Model,12579,2012-10-22,-0.043062156,0.005092838,-0.000830193,21,100
Market-Adjusted Model,12580,2012-10-22,-0.162454901,-0.059808672,-0.120222938,21,100
Market-Adjusted Model,12582,2012-10-22,-0.159964256,-0.12619504,-0.117732293,21,100
Market-Adjusted Model,12583,2012-10-22,-0.174123971,-0.145014348,-0.131892008,21,100
Market-Adjusted Model,12584,2012-10-22,-0.029055666,0.0146963559,0.0131762967,21,100
Market-Adjusted Model,12585,2012-10-22,-0.117581661,-0.06817802,-0.075349698,21,100
Market-Adjusted Model,12586,2012-10-22,0.1075268394,0.1907203597,0.1497588025,21,100
Market-Adjusted Model,12587,2012-10-22,-0.121304842,-0.084725791,-0.079072879,21,100
Market-Adjusted Model,12588,2012-10-22,0.1895522515,0.2355640556,0.2317842145,21,100
Market-Adjusted Model,12591,2012-10-22,-0.019674353,0.0259913936,0.0225576096,21,100
Market-Adjusted Model,12592,2012-10-22,-0.167785236,-0.130459712,-0.125553273,21,100
Market-Adjusted Model,12593,2012-10-22,-0.061611424,-0.019378541,-0.019379461,21,100
Market-Adjusted Model,12594,2012-10-22,-0.00759763,0.0348492701,0.0346343328,21,100
Market-Adjusted Model,12595,2012-10-22,-0.005759287,0.036555392,0.036472676,21,100
Market-Adjusted Model,12596,2012-10-22,-0.029054832,0.0136209065,0.0131771307,21,100
Market-Adjusted Model,12615,2012-10-22,-0.072933597,-0.031994033,-0.030701634,21,100
Market-Adjusted Model,12617,2012-10-22,-0.061550797,-0.018937773,-0.019318834,21,100
Market-Adjusted Model,12620,2012-10-22,-0.031718116,0.0115364379,0.0105138469,21,100
Market-Adjusted Model,12621,2012-10-22,-0.110262035,-0.072328769,-0.068030072,21,100
Market-Adjusted Model,12622,2012-10-22,0.1523374262,0.195831748,0.1945693893,21,100
Market-Adjusted Model,12623,2012-10-22,0.0216266623,0.0673882815,0.0638586254,21,100
Market-Adjusted Model,12624,2012-10-22,0.0133643215,0.0562743827,0.0555962846,21,100
Market-Adjusted Model,12625,2012-10-22,-0.046733496,-0.004980157,-0.004501533,21,100
Market-Adjusted Model,12628,2012-10-22,0.0526683374,0.0952132989,0.0949003005,21,100
Market-Adjusted Model,12629,2012-10-22,0.0425531519,0.0929995993,0.084785115,21,100
Market-Adjusted Model,12630,2012-10-22,-0.009122622,0.0343321938,0.0331093409,21,100
Market-Adjusted Model,12631,2012-10-22,-0.000685982,0.0416223047,0.0415459815,21,100
Market-Adjusted Model,12632,2012-10-22,-0.004347807,0.0383738448,0.0378841563,21,100
Market-Adjusted Model,12633,2012-10-22,-0.000902606,0.0415325616,0.0413293572,21,100
Market-Adjusted Model,12636,2012-10-22,-0.020609767,0.0278780869,0.0216221963,21,100
Market-Adjusted Model,12637,2012-10-22,-0.187149899,-0.14784413,-0.144917936,21,100
Market-Adjusted Model,12638,2012-10-22,0.0085358744,0.0508276729,0.0507678375,21,100
Market-Adjusted Model,12639,2012-10-22,-0.109433947,-0.0701796,-0.067201984,21,100
Market-Adjusted Model,12640,2012-10-22,-0.500489737,-0.54528323,-0.458257774,21,100
Market-Adjusted Model,12641,2012-10-22,0.0371621864,0.0803446042,0.0793941495,21,100
Market-Adjusted Model,12644,2012-10-22,-0.022257874,0.0219279382,0.0199740894,21,100
Market-Adjusted Model,12645,2012-10-22,-0.096262714,-0.043111714,-0.054030751,21,100
Market-Adjusted Model,12646,2012-10-22,0.0022830855,0.0459860556,0.0445150486,21,100
Market-Adjusted Model,12647,2012-10-22,-0.008431007,0.0354250247,0.0338009557,21,100
Market-Adjusted Model,12648,2012-10-22,-0.015259891,0.0279059651,0.0269720719,21,100
Market-Adjusted Model,12649,2012-10-22,-0.018352553,0.0244900807,0.02387941,21,100
Market-Adjusted Model,12651,2012-10-22,0.0530052473,0.0963429789,0.0952372104,21,100
Market-Adjusted Model,12652,2012-10-22,-0.016597572,0.0263513852,0.0256343907,21,100
Market-Adjusted Model,12653,2012-10-22,0.0038144659,0.0478929834,0.0460464289,21,100
Market-Adjusted Model,12654,2012-10-22,-0.012065579,0.030977278,0.0301663839,21,100
Market-Adjusted Model,12655,2012-10-22,-0.015098253,0.0283080465,0.0271337101,21,100
Market-Adjusted Model,12656,2012-10-22,-0.017073187,0.0260637991,0.025158776,21,100
Market-Adjusted Model,12657,2012-10-22,-0.020132795,0.0237528109,0.022099168,21,100
Market-Adjusted Model,12658,2012-10-22,-0.043544312,-0.001303041,-0.001312349,21,100
Market-Adjusted Model,12659,2012-10-22,-0.032392105,0.0105272604,0.0098398581,21,100
Market-Adjusted Model,12660,2012-10-22,-0.099596588,-0.059185584,-0.057364624,21,100
Market-Adjusted Model,12662,2012-10-22,-3.33534E-10,0.0433602528,0.0422319628,21,100
Market-Adjusted Model,12663,2012-10-22,-0.137522948,-0.095731326,-0.095290985,21,100
Market-Adjusted Model,12664,2012-10-22,-0.024112772,0.0191987759,0.0181191916,21,100
Market-Adjusted Model,12665,2012-10-22,-0.0584954,-0.017046211,-0.016263437,21,100
Market-Adjusted Model,12666,2012-10-22,0.0168154264,0.0593661039,0.0590473895,21,100
Market-Adjusted Model,12667,2012-10-22,-0.195054955,-0.162515432,-0.152822992,21,100
Market-Adjusted Model,12668,2012-10-22,-0.030100317,0.0130006234,0.0121316463,21,100
Market-Adjusted Model,12671,2012-10-22,-0.005138615,0.0373549559,0.0370933486,21,100
Market-Adjusted Model,12672,2012-10-22,-0.007539161,0.034896851,0.0346928021,21,100
Market-Adjusted Model,12673,2012-10-22,-0.002495898,0.0404830816,0.0397360651,21,100
Market-Adjusted Model,12674,2012-10-22,0.017175863,0.0596128789,0.059407826,21,100
Market-Adjusted Model,12675,2012-10-22,0.0102528436,0.0525451237,0.0524848067,21,100
Market-Adjusted Model,12676,2012-10-22,0.016244345,0.0584486006,0.0584763081,21,100
Market-Adjusted Model,12679,2012-10-22,-0.192633403,-0.165554311,-0.15040144,21,100
Market-Adjusted Model,12680,2012-10-22,-0.185988375,-0.099625042,-0.143756412,21,100
Market-Adjusted Model,12681,2012-10-22,0.0058754631,0.0489634844,0.0481074262,21,100
Market-Adjusted Model,12682,2012-10-22,-0.007619041,0.0423534025,0.0346129219,21,100
Market-Adjusted Model,12683,2012-10-22,0.0429683446,0.0852012628,0.0852003077,21,100
Market-Adjusted Model,12684,2012-10-22,-0.244484033,-0.23107353,-0.20225207,21,100
Market-Adjusted Model,12687,2012-10-22,0.0392523417,0.0858903486,0.0814843047,21,100
Market-Adjusted Model,12688,2012-10-22,-0.058415279,-0.015246783,-0.016183315,21,100
Market-Adjusted Model,12689,2012-10-22,-0.080814084,-0.036368849,-0.038582121,21,100
Market-Adjusted Model,12690,2012-10-22,-0.113849793,-0.074755051,-0.07161783,21,100
Market-Adjusted Model,12691,2012-10-22,-0.342650113,-0.29919244,-0.30041815,21,100
Market-Adjusted Model,12693,2012-10-22,0.0322665354,0.0747737679,0.0744984985,21,100
Market-Adjusted Model,12695,2012-10-22,-0.072289199,-0.025831829,-0.030057236,21,100
Market-Adjusted Model,12696,2012-10-22,-0.056660671,-0.011462796,-0.014428707,21,100
Market-Adjusted Model,12697,2012-10-22,0.0359003421,0.0784211179,0.0781323052,21,100
Market-Adjusted Model,12698,2012-10-22,-0.111349029,-0.06239596,-0.069117066,21,100
Market-Adjusted Model,12699,2012-10-22,-0.104184479,-0.062522554,-0.061952516,21,100
Market-Adjusted Model,12700,2012-10-22,-0.224806177,-0.205483607,-0.182574214,21,100
Market-Adjusted Model,12717,2012-10-22,0.0205817303,0.0634666247,0.0628136934,21,100
Market-Adjusted Model,12718,2012-10-22,0.0529557057,0.1019537076,0.0951876688,21,100
Market-Adjusted Model,12719,2012-10-22,-0.494727594,-0.509790322,-0.452495631,21,100
Market-Adjusted Model,12720,2012-10-22,-0.105431356,-0.061510833,-0.063199393,21,100
Market-Adjusted Model,12727,2012-10-22,0.166208061,0.2096839807,0.208440024,21,100
Market-Adjusted Model,12728,2012-10-22,-0.177953254,-0.139218649,-0.135721291,21,100
Market-Adjusted Model,12729,2012-10-22,-0.04121583,0.00076486,0.0010161331,21,100
Market-Adjusted Model,12732,2012-10-22,-0.036521237,0.0064018723,0.0057107262,21,100
Market-Adjusted Model,12734,2012-10-22,-0.007839612,-0.004998649,-0.005160423,9,100
Market-Adjusted Model,12738,2012-10-22,-0.026621436,0.0167446983,0.0156105266,21,100
Market-Adjusted Model,12739,2012-10-22,0.0028532269,0.0452549124,0.04508519,21,100
Market-Adjusted Model,12740,2012-10-22,-0.002325763,0.0400371181,0.0399062001,21,100
Market-Adjusted Model,12741,2012-10-22,-0.023241598,0.0192711897,0.0189903653,21,100
Market-Adjusted Model,12742,2012-10-22,-0.148279076,-0.114015972,-0.106047113,21,100
Market-Adjusted Model,12743,2012-10-22,-0.147435833,-0.10037303,-0.10520387,21,100
Market-Adjusted Model,12744,2012-10-22,0.0084533938,0.051184673,0.0506853569,21,100
Market-Adjusted Model,12745,2012-10-22,-0.026505528,0.0170837148,0.0157264346,21,100
Market-Adjusted Model,12746,2012-10-22,-0.137709159,-0.099380146,-0.095477196,21,100
Market-Adjusted Model,12747,2012-10-22,-0.015530081,0.0278191642,0.0267018821,21,100
Market-Adjusted Model,12748,2012-10-22,-0.006099663,0.036466572,0.0361323006,21,100
Market-Adjusted Model,12751,2012-10-22,-0.044619381,-0.000097351,-0.002387417,21,100
Market-Adjusted Model,12752,2012-10-22,0.0080846194,0.0522768146,0.0503165824,21,100
Market-Adjusted Model,12753,2012-10-22,-0.035328685,0.0067497919,0.0069032778,21,100
Market-Adjusted Model,12754,2012-10-22,-0.032350156,0.0113229608,0.0098818074,21,100
Market-Adjusted Model,12755,2012-10-22,-0.14893611,-0.108918323,-0.106704147,21,100
Market-Adjusted Model,12756,2012-10-22,-0.09626512,-0.057795135,-0.054033157,21,100
Market-Adjusted Model,12759,2012-10-22,-0.18939394,-0.16237653,-0.147161976,21,100
Market-Adjusted Model,12760,2012-10-22,-0.094850989,-0.052012893,-0.052619026,21,100
Market-Adjusted Model,12761,2012-10-22,-0.011192661,-0.006675808,-0.006736616,7,100
Market-Adjusted Model,12762,2012-10-22,-0.024608924,-0.020149285,-0.020152879,7,100
Market-Adjusted Model,12763,2012-10-22,-0.007840878,-0.003418074,-0.003384832,7,100
Market-Adjusted Model,12764,2012-10-22,-0.014499705,-0.00987544,-0.01004366,7,100
Market-Adjusted Model,12767,2012-10-22,-0.013983304,-0.009646097,-0.009527258,7,100
Market-Adjusted Model,12768,2012-10-22,-0.010492486,-0.00603224,-0.00603644,7,100
Market-Adjusted Model,12769,2012-10-22,-0.002258933,0.0022581894,0.0021971128,7,100
Market-Adjusted Model,12770,2012-10-22,-0.008213586,-0.003819461,-0.003757541,7,100
Market-Adjusted Model,12771,2012-10-22,-0.002869212,0.0016998468,0.0015868337,7,100
Market-Adjusted Model,12772,2012-10-22,-0.007223839,-0.00282512,-0.002767793,7,100
Market-Adjusted Model,12776,2012-10-22,-0.002278647,0.0021777591,0.0021773983,7,100
Market-Adjusted Model,12777,2012-10-22,0.0115787104,0.0160561763,0.0160347559,7,100
Market-Adjusted Model,12778,2012-10-22,-0.009375411,-0.004794728,-0.004919365,7,100
Market-Adjusted Model,12779,2012-10-22,-0.0051009,-0.0006105,-0.000644854,7,100
Market-Adjusted Model,12780,2012-10-22,-0.005147388,-0.000650046,-0.000691343,7,100
Market-Adjusted Model,12782,2012-10-22,-0.029400395,0.0127954862,0.0128315683,21,100
Market-Adjusted Model,12783,2012-10-22,0.0020201729,0.0470705497,0.044252136,21,100
Market-Adjusted Model,12784,2012-10-22,-0.422713242,-0.434265807,-0.380481279,21,100
Market-Adjusted Model,12785,2012-10-22,-0.03684214,0.0103415217,0.0053898227,21,100
Market-Adjusted Model,12786,2012-10-22,-0.230658002,-0.199204903,-0.188426039,21,100
Market-Adjusted Model,12787,2012-10-22,-0.036687669,0.0144983834,0.0055442937,21,100
Market-Adjusted Model,12788,2012-10-22,-0.015720467,0.0278064132,0.0265114958,21,100
Market-Adjusted Model,12789,2012-10-22,-0.050131943,0.0031095796,-0.00789998,21,100
Market-Adjusted Model,12791,2012-10-22,-0.008992748,0.0507935813,0.0332392152,21,100
Market-Adjusted Model,12792,2012-10-22,0.0035424946,0.0458470712,0.0457744577,21,100
Market-Adjusted Model,12793,2012-10-22,-0.092024526,-0.047812936,-0.049792563,21,100
Market-Adjusted Model,12794,2012-10-22,-0.096659823,-0.054509429,-0.05442786,21,100
Market-Adjusted Model,12795,2012-10-22,-0.101476044,-0.053863051,-0.059244081,21,100
Market-Adjusted Model,12796,2012-10-22,-0.006307373,0.0384489001,0.0359245899,21,100
Market-Adjusted Model,12797,2012-10-22,-0.311122285,-0.320682113,-0.268890322,21,100
Market-Adjusted Model,12798,2012-10-22,-0.090153508,-0.047784214,-0.047921545,21,100
Market-Adjusted Model,12799,2012-10-22,-0.12561987,-0.088952593,-0.083387906,21,100
Market-Adjusted Model,12826,2012-10-22,-0.008316796,0.0352825588,0.0339151672,21,100
Market-Adjusted Model,12827,2012-10-22,-0.022490214,0.0199771489,0.019741749,21,100
Market-Adjusted Model,12828,2012-10-22,-0.07134121,-0.029629841,-0.029109247,21,100
Market-Adjusted Model,12831,2012-10-22,-0.02153668,0.0215099469,0.0206952828,21,100
Market-Adjusted Model,12832,2012-10-22,0.0008138968,0.0432356934,0.0430458599,21,100
Market-Adjusted Model,12833,2012-10-22,0.0067552047,0.1123937263,0.0489871678,21,100
Market-Adjusted Model,12834,2012-10-22,-0.024875664,0.0185644919,0.0173562988,21,100
Market-Adjusted Model,12835,2012-10-22,-0.339610783,-0.340621626,-0.29737882,21,100
Market-Adjusted Model,12836,2012-10-22,-0.020563976,0.022306478,0.0216679872,21,100
Market-Adjusted Model,12839,2012-10-22,-0.04501157,-0.002947932,-0.002779607,21,100
Market-Adjusted Model,12840,2012-10-22,-0.150000014,-0.100315501,-0.107768051,21,100
Market-Adjusted Model,12841,2012-10-22,0.0093666156,0.2258235623,0.0515985787,21,100
Market-Adjusted Model,12842,2012-10-22,-0.014224133,0.0339163191,0.0280078298,21,100
Market-Adjusted Model,12843,2012-10-22,0.001438546,0.0665022952,0.0436705091,21,100
Market-Adjusted Model,12844,2012-10-22,-0.005430044,0.1184083847,0.0368019195,21,100
Market-Adjusted Model,12847,2012-10-22,0.0061989315,0.05557259,0.0484308946,21,100
Market-Adjusted Model,12848,2012-10-22,-0.081128133,-0.027698994,-0.03889617,21,100
Market-Adjusted Model,12850,2012-10-22,0.0400651305,0.0823135261,0.0822970936,21,100
Market-Adjusted Model,12852,2012-10-22,-0.119315212,-0.078890858,-0.077083249,21,100
Market-Adjusted Model,12855,2012-10-22,-0.004922687,0.0388994928,0.0373092756,21,100
Market-Adjusted Model,12856,2012-10-22,-0.012006179,0.0308611564,0.0302257838,21,100
Market-Adjusted Model,12857,2012-10-22,0.0360607028,0.0783151182,0.0782926659,21,100
Market-Adjusted Model,12858,2012-10-22,0.0091699823,0.0528442088,0.0514019454,21,100
Market-Adjusted Model,12859,2012-10-22,0.0179324986,0.0615287177,0.0601644617,21,100
Market-Adjusted Model,12860,2012-10-22,-0.049611994,-0.007112633,-0.007380031,21,100
Market-Adjusted Model,12863,2012-10-22,-0.028636886,0.0138139272,0.0135950767,21,100
Market-Adjusted Model,12864,2012-10-22,-0.040309004,0.0020508415,0.0019229595,21,100
Market-Adjusted Model,12865,2012-10-22,-0.287855125,-0.281882618,-0.245623162,21,100
Market-Adjusted Model,12867,2012-10-22,-0.025628911,0.0169238072,0.0166030521,21,100
Market-Adjusted Model,12868,2012-10-22,-0.017324533,0.0251611872,0.0249074305,21,100
Market-Adjusted Model,12870,2012-10-22,0.0030471203,0.0453462714,0.0452790834,21,100
Market-Adjusted Model,12871,2012-10-22,0.0138415395,0.0636580321,0.0560735026,21,100
Market-Adjusted Model,12872,2012-10-22,0.0107526898,0.0583619221,0.0529846529,21,100
Market-Adjusted Model,12873,2012-10-22,-0.19922256,-0.161086527,-0.156990597,21,100
Market-Adjusted Model,12874,2012-10-22,0.0044904625,0.0467959985,0.0467224256,21,100
Market-Adjusted Model,12875,2012-10-22,-0.055367687,-0.014038927,-0.013135724,21,100
Market-Adjusted Model,12876,2012-10-22,-0.024580742,0.0184614462,0.0176512213,21,100
Market-Adjusted Model,12877,2012-10-22,-0.072992666,-0.032141034,-0.030760703,21,100
Market-Adjusted Model,12878,2012-10-22,-0.043352624,0.0084877705,-0.001120661,21,100
Market-Adjusted Model,12879,2012-10-22,-0.097323582,-0.050023068,-0.055091619,21,100
Market-Adjusted Model,12880,2012-10-22,0.1231161021,0.1625856201,0.1653480652,21,100
Market-Adjusted Model,12881,2012-10-22,-0.161392398,-0.129347229,-0.119160434,21,100
Market-Adjusted Model,12882,2012-10-22,-0.15110937,-0.11229801,-0.108877407,21,100
Market-Adjusted Model,12883,2012-10-22,0.279450029,0.3234322184,0.3216819921,21,100
Market-Adjusted Model,12884,2012-10-22,-0.039711204,0.0023690927,0.0025207591,21,100
Market-Adjusted Model,12885,2012-10-22,-0.090159094,-0.047821712,-0.047927131,21,100
Market-Adjusted Model,12886,2012-10-22,-0.002103155,0.042875831,0.0401288082,21,100
Market-Adjusted Model,12887,2012-10-22,0.0289655153,0.0983600054,0.0711974783,21,100
Market-Adjusted Model,12890,2012-10-22,-0.382830136,-0.390944642,-0.340598173,21,100
Market-Adjusted Model,12891,2012-10-22,-0.120886819,-0.082073475,-0.078654856,21,100
Market-Adjusted Model,12892,2012-10-22,0.0105527612,0.0533394545,0.0527847243,21,100
Market-Adjusted Model,12893,2012-10-22,-0.062001754,-0.018199628,-0.019769791,21,100
Market-Adjusted Model,12894,2012-10-22,0.0404984788,0.0871341314,0.0827304419,21,100
Market-Adjusted Model,12895,2012-10-22,-0.041132404,0.0012023954,0.0010995594,21,100
Market-Adjusted Model,12898,2012-10-22,-0.005325453,0.0380990745,0.0369065103,21,100
Market-Adjusted Model,12899,2012-10-22,0.0002772106,0.0427851947,0.0425091737,21,100
Market-Adjusted Model,12900,2012-10-22,-0.05446129,-0.0120512,-0.012229327,21,100
Market-Adjusted Model,12901,2012-10-22,-0.016961688,0.0260505376,0.0252702755,21,100
Market-Adjusted Model,12902,2012-10-22,-0.010836701,0.0315080697,0.0313952616,21,100
Market-Adjusted Model,12903,2012-10-22,-0.15140186,-0.115020191,-0.109169897,21,100
Market-Adjusted Model,12904,2012-10-22,0.0034509232,0.045779717,0.0456828863,21,100
Market-Adjusted Model,12905,2012-10-22,0.0084185979,0.0542096688,0.050650561,21,100
Market-Adjusted Model,12906,2012-10-22,-0.097065429,-0.053036248,-0.054833466,21,100
Market-Adjusted Model,12907,2012-10-22,-0.202127654,-0.173567518,-0.159895691,21,100
Market-Adjusted Model,12908,2012-10-22,-0.016899302,0.0270902837,0.0253326608,21,100
Market-Adjusted Model,12911,2012-10-22,-0.026271542,0.019249072,0.0159604206,21,100
Market-Adjusted Model,12912,2012-10-22,0.05685622,0.1137918359,0.099088183,21,100
Market-Adjusted Model,12913,2012-10-22,-0.145958989,-0.108808067,-0.103727026,21,100
Market-Adjusted Model,12914,2012-10-22,0.0120262078,0.056144428,0.0542581709,21,100
Market-Adjusted Model,12915,2012-10-22,-0.1627558,-0.13009472,-0.120523837,21,100
Market-Adjusted Model,12916,2012-10-22,-0.044586011,-0.001025938,-0.002354048,21,100
Market-Adjusted Model,12919,2012-10-22,-0.317365261,-0.325971531,-0.275133297,21,100
Market-Adjusted Model,12920,2012-10-22,0.0178970765,0.0604285571,0.0601290396,21,100
Market-Adjusted Model,12921,2012-10-22,-0.043409813,0.0014775206,-0.00117785,21,100
Market-Adjusted Model,12922,2012-10-22,-0.357597145,-0.380340146,-0.315365182,21,100
Market-Adjusted Model,12923,2012-10-22,-0.060728784,-0.018765016,-0.01849682,21,100
Market-Adjusted Model,12924,2012-10-22,0.0630037097,0.117397882,0.1052356728,21,100
Market-Adjusted Model,12927,2012-10-22,-0.281538053,-0.264481201,-0.23930609,21,100
Market-Adjusted Model,12946,2012-10-22,-0.012142493,0.030940637,0.0300894705,21,100
Market-Adjusted Model,12947,2012-10-22,-0.011070234,0.0317703025,0.0311617289,21,100
Market-Adjusted Model,12948,2012-10-22,-0.036435467,0.0068902334,0.0057964958,21,100
Market-Adjusted Model,12949,2012-10-22,-0.011927445,0.0324972793,0.0303045184,21,100
Market-Adjusted Model,12950,2012-10-22,-0.030782909,0.0117237537,0.0114490537,21,100
Market-Adjusted Model,12951,2012-10-22,-0.026878562,0.0156617813,0.0153534009,21,100
Market-Adjusted Model,12952,2012-10-22,-0.177889435,-0.148333194,-0.135657472,21,100
Market-Adjusted Model,12953,2012-10-22,-0.067594902,-0.026073709,-0.025362939,21,100
Market-Adjusted Model,12954,2012-10-22,0.0176390839,0.0685778802,0.0598710469,21,100
Market-Adjusted Model,12955,2012-10-22,-0.040183307,0.0022102092,0.0020486561,21,100
Market-Adjusted Model,12956,2012-10-22,-0.0113279,0.0321500747,0.030904063,21,100
Market-Adjusted Model,12957,2012-10-22,-0.017974667,0.0255235711,0.0242572964,21,100
Market-Adjusted Model,12959,2012-10-22,-0.273622027,-0.26698421,-0.231390064,21,100
Market-Adjusted Model,12960,2012-10-22,0.2802275742,0.3161966268,0.3224595373,21,100
Market-Adjusted Model,12961,2012-10-22,-0.00050136,0.0420442053,0.0417306033,21,100
Market-Adjusted Model,12962,2012-10-22,0.0315106767,0.0767498485,0.0737426398,21,100
Market-Adjusted Model,12963,2012-10-22,-0.269230784,-0.260253358,-0.22699882,21,100
Market-Adjusted Model,12964,2012-10-22,0.0263026656,0.0701365396,0.0685346287,21,100
Market-Adjusted Model,12965,2012-10-22,-0.067181459,-0.02426307,-0.024949496,21,100
Market-Adjusted Model,12966,2012-10-22,-0.025238038,0.0185342711,0.0169939254,21,100
Market-Adjusted Model,12967,2012-10-22,0.0048426125,0.0520909284,0.0470745756,21,100
Market-Adjusted Model,12971,2012-10-22,0.0075313954,0.0704381343,0.0497633585,21,92
Market-Adjusted Model,12972,2012-10-22,0.0460274047,0.0916811087,0.0882593678,21,100
Market-Adjusted Model,12973,2012-10-22,0.0235578509,0.0667904461,0.065789814,21,100
Market-Adjusted Model,12974,2012-10-22,-0.055023793,-0.013746361,-0.01279183,21,100
Market-Adjusted Model,12975,2012-10-22,-0.035070289,0.007457236,0.007161674,21,100
Market-Adjusted Model,12978,2012-10-22,-0.023229725,0.0197471385,0.019002238,21,100
Market-Adjusted Model,12979,2012-10-22,-0.003521133,0.0387969169,0.0387108305,21,100
Market-Adjusted Model,12980,2012-10-22,-0.004536894,0.0377983655,0.0376950694,21,100
Market-Adjusted Model,12981,2012-10-22,0.0349376614,0.0858480668,0.0771696244,21,100
Market-Adjusted Model,12982,2012-10-22,0.0531496018,0.1096687151,0.0953815649,21,100
Market-Adjusted Model,12983,2012-10-22,-0.016816595,0.0256013828,0.0254153677,21,100
Market-Adjusted Model,12986,2012-10-22,0.0102553722,0.0527343854,0.0524873353,21,100
Market-Adjusted Model,12987,2012-10-22,-0.001244336,0.0605422243,0.0288368754,18,100
Market-Adjusted Model,12988,2012-10-22,0.0102627253,0.0526713761,0.0524946884,21,100
Market-Adjusted Model,12989,2012-10-22,-0.019893932,0.0100200012,0.0101872785,18,100
Market-Adjusted Model,12990,2012-10-22,0.0235849053,0.0536135137,0.0536661162,18,100
Market-Adjusted Model,12991,2012-10-22,-0.003741428,0.038891745,0.0384905352,21,100
Market-Adjusted Model,12994,2012-10-22,-0.027584096,0.0180172933,0.0146478669,21,100
Market-Adjusted Model,12995,2012-10-22,0.0174028722,0.0596117472,0.0596348353,21,100
Market-Adjusted Model,12996,2012-10-22,0.0067255056,0.0490370017,0.0489574687,21,100
Market-Adjusted Model,12997,2012-10-22,-0.000444229,0.0432324311,0.0417877337,21,100
Market-Adjusted Model,12998,2012-10-22,-0.058983821,-0.017406634,-0.016751858,21,100
Market-Adjusted Model,12999,2012-10-22,-0.021526425,0.0222534543,0.0207055376,21,100
Market-Adjusted Model,13000,2012-10-22,-0.103155743,-0.064891969,-0.06092378,21,100
Market-Adjusted Model,13001,2012-10-22,0.0502835183,0.0928753273,0.0925154814,21,100
Market-Adjusted Model,13002,2012-10-22,-0.016209959,0.0270066388,0.0260220037,21,100
Market-Adjusted Model,13003,2012-10-22,0.0072543386,0.0502897491,0.0494863017,21,100
Market-Adjusted Model,13006,2012-10-22,-0.100600611,-0.056602323,-0.058368648,21,100
Market-Adjusted Model,13007,2012-10-22,0.0450381045,0.0892492336,0.0872700676,21,100
Market-Adjusted Model,13008,2012-10-22,-0.009719479,0.0343748134,0.0325124837,21,100
Market-Adjusted Model,13009,2012-10-22,0.0176868565,0.0613064518,0.0599188196,21,100
Market-Adjusted Model,13013,2012-10-22,0.0240743272,0.0705725312,0.0663062903,21,100
Market-Adjusted Model,13014,2012-10-22,0.0194472162,0.0630646805,0.0616791793,21,100
Market-Adjusted Model,13015,2012-10-22,-0.045428681,-0.002754127,-0.003196717,21,100
Market-Adjusted Model,13016,2012-10-22,-0.047793224,-0.004487496,-0.005561261,21,100
Market-Adjusted Model,13017,2012-10-22,0.0085443422,0.0510159379,0.0507763053,21,100
Market-Adjusted Model,13018,2012-10-22,-0.05090913,-0.006578812,-0.008677167,21,100
Market-Adjusted Model,13019,2012-10-22,-0.108254358,-0.069101794,-0.066022395,21,100
Market-Adjusted Model,13022,2012-10-22,-0.013770539,0.0290203543,0.0284614242,21,100
Market-Adjusted Model,13023,2012-10-22,0.002296746,0.0446968093,0.0445287091,21,100
Market-Adjusted Model,13024,2012-10-22,-0.027506929,0.0148292252,0.0147250345,21,100
Market-Adjusted Model,13025,2012-10-22,-0.009352285,0.0335892624,0.0328796784,21,100
Market-Adjusted Model,13026,2012-10-22,-0.017291535,0.0252914991,0.0249404278,21,100
Market-Adjusted Model,13027,2012-10-22,-0.036815878,0.0052389065,0.005416085,21,100
Market-Adjusted Model,13028,2012-10-22,0.00674891,0.0491900726,0.0489808731,21,100
Market-Adjusted Model,13029,2012-10-22,-0.118668026,-0.068231424,-0.076436063,21,100
Market-Adjusted Model,13030,2012-10-22,0.1281497294,0.2233279754,0.1703816925,21,100
Market-Adjusted Model,13031,2012-10-22,0.0352213129,0.0893678012,0.077453276,21,100
Market-Adjusted Model,13032,2012-10-22,-0.064881156,-0.011608411,-0.022649193,21,100
Market-Adjusted Model,13033,2012-10-22,-0.033872704,0.0084398665,0.0083592595,21,100
Market-Adjusted Model,13034,2012-10-22,-0.031128448,0.0109561202,0.0111035152,21,100
Market-Adjusted Model,13035,2012-10-22,0.0108970487,0.0566455846,0.0531290117,21,100
Market-Adjusted Model,13036,2012-10-22,-0.006443324,0.0377904666,0.0357886395,21,100
Market-Adjusted Model,13037,2012-10-22,-0.06198655,-0.021197617,-0.019754587,21,100
Market-Adjusted Model,13038,2012-10-22,-0.053030279,-0.006585591,-0.010798316,21,100
Market-Adjusted Model,13041,2012-10-22,0.1082802429,0.1509219763,0.150512206,21,100
Market-Adjusted Model,13042,2012-10-22,-0.008103941,-0.003603567,-0.003647895,7,100
Market-Adjusted Model,13043,2012-10-22,-0.007899364,-0.003375189,-0.003443319,7,100
Market-Adjusted Model,13045,2012-10-22,-0.008846243,-0.004205484,-0.004390198,7,100
Market-Adjusted Model,13046,2012-10-22,-0.174437232,-0.141721036,-0.132205269,21,100
Market-Adjusted Model,13049,2012-10-22,-0.209876562,-0.179496628,-0.167644599,21,100
Market-Adjusted Model,13076,2012-10-22,-0.017829057,0.0250565484,0.0244029061,21,100
Market-Adjusted Model,13077,2012-10-22,-0.008491511,0.0351006774,0.033740452,21,100
Market-Adjusted Model,13079,2012-10-22,-0.020255962,0.0248415487,0.0219760012,21,100
Market-Adjusted Model,13080,2012-10-22,-0.05584376,-0.005225621,-0.013611797,21,100
Market-Adjusted Model,13081,2012-10-22,-0.038269555,0.0116995607,0.0039624084,21,100
Market-Adjusted Model,13082,2012-10-22,-0.004875684,0.0375937472,0.0373562791,21,100
Market-Adjusted Model,13083,2012-10-22,-0.091125146,-0.050816889,-0.048893183,21,100
Market-Adjusted Model,13084,2012-10-22,0.0008367031,0.0473041751,0.0430686662,21,100
Market-Adjusted Model,13085,2012-10-22,-0.014729125,0.029467783,0.0275028379,21,100
Market-Adjusted Model,13086,2012-10-22,0.0237565322,0.0660412686,0.0659884953,21,100
Market-Adjusted Model,13087,2012-10-22,-0.017808852,0.0245471641,0.0244231111,21,100
Market-Adjusted Model,13088,2012-10-22,-0.009567583,0.0328070804,0.0326643797,21,100
Market-Adjusted Model,13089,2012-10-22,-0.068953558,-0.027505115,-0.026721595,21,100
Market-Adjusted Model,13090,2012-10-22,-0.018220102,0.0254091766,0.0240118614,21,100
Market-Adjusted Model,13091,2012-10-22,-0.00677913,0.0371482767,0.0354528333,21,100
Market-Adjusted Model,13092,2012-10-22,-0.056585879,-0.013936097,-0.014353916,21,100
Market-Adjusted Model,13093,2012-10-22,0.0803572219,0.1236413092,0.122589185,21,100
Market-Adjusted Model,13094,2012-10-22,-0.00568599,-0.001219064,-0.001229945,7,100
Market-Adjusted Model,13095,2012-10-22,-0.003187053,0.001261637,0.0012689929,7,100
Market-Adjusted Model,13096,2012-10-22,-0.004996405,-0.000565239,-0.00054036,7,100
Market-Adjusted Model,13097,2012-10-22,0.104895185,0.1531009187,0.147127148,21,100
Market-Adjusted Model,13102,2012-10-22,-0.082160582,-0.042244175,-0.039928619,21,100
Market-Adjusted Model,13103,2012-10-22,-0.012923018,0.0327032188,0.0293089449,21,100
Market-Adjusted Model,13104,2012-10-22,0.0314720247,0.0757653932,0.0737039878,21,100
Market-Adjusted Model,13105,2012-10-22,-0.117124754,-0.074567534,-0.07489279,21,100
Market-Adjusted Model,13106,2012-10-22,-0.025925895,0.0549363313,0.0163060683,21,100
Market-Adjusted Model,13107,2012-10-22,-0.020618516,0.0274168664,0.0216134471,21,100
Market-Adjusted Model,13108,2012-10-22,-0.283809525,-0.278522722,-0.241577562,21,100
Market-Adjusted Model,13109,2012-10-22,-0.012587436,0.0350314323,0.0296445267,21,100
Market-Adjusted Model,13110,2012-10-22,-0.115522409,-0.07662472,-0.073290446,21,100
Market-Adjusted Model,13111,2012-10-22,-0.186658101,-0.154139624,-0.144426138,21,100
Market-Adjusted Model,13112,2012-10-22,0.042854659,0.0850117653,0.0850866221,21,100
Market-Adjusted Model,13113,2012-10-22,-0.202150548,-0.175592131,-0.159918584,21,100
Market-Adjusted Model,13114,2012-10-22,-0.079353412,-0.038659071,-0.037121449,21,100
Market-Adjusted Model,13115,2012-10-22,-0.275714264,-0.267323689,-0.233482301,21,100
Market-Adjusted Model,13116,2012-10-22,0.0179104505,0.0667487268,0.0601424136,21,100
Market-Adjusted Model,13117,2012-10-22,-0.014291073,0.0299870999,0.0279408902,21,100
Market-Adjusted Model,13118,2012-10-22,-0.045506468,-0.002946446,-0.003274505,21,100
Market-Adjusted Model,13121,2012-10-22,-0.304635785,-0.286732761,-0.262403822,21,100
Market-Adjusted Model,13122,2012-10-22,-0.017053541,0.0414394104,0.0251784225,21,100
Market-Adjusted Model,13123,2012-10-22,-0.004218761,0.0413543571,0.0380132016,21,100
Market-Adjusted Model,13124,2012-10-22,-0.075541196,-0.030911432,-0.033309233,21,100
Market-Adjusted Model,13125,2012-10-22,-0.009308852,0.0347897581,0.0329231111,21,100
Market-Adjusted Model,13126,2012-10-22,-0.094890479,-0.055216786,-0.052658516,21,100
Market-Adjusted Model,13129,2012-10-22,-0.030203108,0.0136816578,0.0120288555,21,100
Market-Adjusted Model,13130,2012-10-22,-0.038976593,0.0031769807,0.0032553702,21,100
Market-Adjusted Model,13131,2012-10-22,-0.031399966,0.0107913408,0.0108319972,21,100
Market-Adjusted Model,13132,2012-10-22,-0.014392964,0.0301255632,0.0278389995,21,100
Market-Adjusted Model,13133,2012-10-22,-0.01827571,0.0254014563,0.0239562534,21,100
Market-Adjusted Model,13134,2012-10-22,0.0373186092,0.0797160124,0.0795505723,21,100
Market-Adjusted Model,13137,2012-10-22,0.0011655591,0.0434897118,0.0433975222,21,100
Market-Adjusted Model,13138,2012-10-22,-0.000146326,0.042511552,0.0420856367,21,100
Market-Adjusted Model,13139,2012-10-22,-0.043522799,0.0030766049,-0.001290836,21,100
Market-Adjusted Model,13140,2012-10-22,-0.147435837,-0.110937327,-0.105203874,21,100
Market-Adjusted Model,13141,2012-10-22,-0.112346406,-0.071380796,-0.070114443,21,100
Market-Adjusted Model,13142,2012-10-22,0.0215114404,0.0675658925,0.0637434035,21,100
Market-Adjusted Model,13145,2012-10-22,0.0008760046,0.0467447444,0.0431079676,21,100
Market-Adjusted Model,13159,2012-10-22,-0.156196964,-0.121596356,-0.113965001,21,100
Market-Adjusted Model,13160,2012-10-22,-0.159351823,-0.113130177,-0.11711986,21,100
Market-Adjusted Model,13161,2012-10-22,-0.070170076,-0.008332578,-0.027938113,21,100
Market-Adjusted Model,13162,2012-10-22,-0.026199103,0.0181920997,0.0160328603,21,100
Market-Adjusted Model,13163,2012-10-22,0.0522317096,0.0939038365,0.0944636726,21,100
Market-Adjusted Model,13165,2012-10-22,-0.00740853,-0.004666603,-0.004729341,9,100
Market-Adjusted Model,13166,2012-10-22,-0.0149031,-0.012307766,-0.012223911,9,100
Market-Adjusted Model,13167,2012-10-22,-0.242677884,-0.226824484,-0.200445921,21,100
Market-Adjusted Model,13168,2012-10-22,0.0152283794,0.0774911596,0.0574603425,21,100
Market-Adjusted Model,13169,2012-10-22,-0.100806447,-0.049291179,-0.058574484,21,100
Market-Adjusted Model,13170,2012-10-22,-0.007506127,0.0356661656,0.034725836,21,100
Market-Adjusted Model,13171,2012-10-22,0.0016440116,0.0500401171,0.0438759747,21,100
Market-Adjusted Model,13172,2012-10-22,0.0238398011,0.0681345457,0.0660717642,21,100
Market-Adjusted Model,13173,2012-10-22,-0.021957917,0.0207607555,0.0202740463,21,100
Market-Adjusted Model,13174,2012-10-22,-0.043532439,-0.001447434,-0.001300476,21,100
Market-Adjusted Model,13175,2012-10-22,-0.039679746,0.0025489247,0.0025522171,21,100
Market-Adjusted Model,13176,2012-10-22,-0.02718631,0.0151926279,0.0150456535,21,100
Market-Adjusted Model,13177,2012-10-22,-0.024752474,0.017576044,0.0174794887,21,100
Market-Adjusted Model,13180,2012-10-22,-0.012863195,0.038441003,0.0293687682,21,100
Market-Adjusted Model,13181,2012-10-22,-0.080884866,-0.033409708,-0.038652903,21,100
Market-Adjusted Model,13182,2012-10-22,-0.038536707,0.0039181143,0.0036952566,21,100
Market-Adjusted Model,13183,2012-10-22,-0.017251465,0.0263309803,0.0249804979,21,100
Market-Adjusted Model,13184,2012-10-22,0.0348357435,0.0779589778,0.0770677066,21,100
Market-Adjusted Model,13185,2012-10-22,-0.100036714,-0.060860335,-0.057804751,21,100
Market-Adjusted Model,13188,2012-10-22,0.0878688584,0.128584176,0.1301008215,21,100
Market-Adjusted Model,13189,2012-10-22,-0.002571627,0.0402123676,0.0396603358,21,100
Market-Adjusted Model,13190,2012-10-22,-0.019767013,0.0231057978,0.0224649496,21,100
Market-Adjusted Model,13191,2012-10-22,-0.034732241,0.0115449704,0.0074997225,21,100
Market-Adjusted Model,13192,2012-10-22,0.0156165324,0.0583169094,0.0578484955,21,100
Market-Adjusted Model,13193,2012-10-22,-0.017245546,0.0252616744,0.024986417,21,100
Market-Adjusted Model,13195,2012-10-22,-0.007237135,0.0352486614,0.0349948284,21,100
Market-Adjusted Model,13196,2012-10-22,-0.070588231,-0.022443515,-0.028356268,21,100
Market-Adjusted Model,13197,2012-10-22,-0.020277897,0.0227820477,0.0219540659,21,100
Market-Adjusted Model,13198,2012-10-22,0.1521739057,0.1968948035,0.1944058688,21,100
Market-Adjusted Model,13199,2012-10-22,0.0020677517,0.045423699,0.0442997148,21,100
Market-Adjusted Model,13200,2012-10-22,-0.01105138,0.0320597584,0.0311805832,21,100
Market-Adjusted Model,13201,2012-10-22,-0.287921312,-0.257806639,-0.245689349,21,100
Market-Adjusted Model,13202,2012-10-22,-0.177730223,-0.147442801,-0.13549826,21,100
Market-Adjusted Model,13203,2012-10-22,0.0122395219,0.0584789253,0.054471485,21,100
Market-Adjusted Model,13204,2012-10-22,0.0057755046,0.0502359259,0.0480074677,21,93
Market-Adjusted Model,13206,2012-10-22,0.0443864441,0.0921260226,0.0866184072,21,100
Market-Adjusted Model,13208,2012-10-22,-0.098668287,-0.058312239,-0.056436324,21,100
Market-Adjusted Model,13209,2012-10-22,-0.022946303,0.0201980043,0.0192856598,21,100
Market-Adjusted Model,13210,2012-10-22,-0.067840468,-0.025989819,-0.025608505,21,100
Market-Adjusted Model,13211,2012-10-22,-0.001168691,0.0425733159,0.0410632721,21,100
Market-Adjusted Model,13212,2012-10-22,0.0003255276,0.0435563005,0.0425574907,21,100
Market-Adjusted Model,13213,2012-10-22,0.038065864,0.0801724314,0.0802978271,21,100
Market-Adjusted Model,13214,2012-10-22,0.0017230702,0.0448645368,0.0439550333,21,100
Market-Adjusted Model,13217,2012-10-22,-0.019903659,0.023239109,0.0223283038,21,100
Market-Adjusted Model,13218,2012-10-22,0.0126760168,0.0570389718,0.0549079799,21,100
Market-Adjusted Model,13219,2012-10-22,-0.047286736,-0.004443168,-0.005054773,21,100
Market-Adjusted Model,13220,2012-10-22,0.047859795,0.0920177329,0.0900917581,21,100
Market-Adjusted Model,13221,2012-10-22,-0.004779833,0.0384551615,0.0374521305,21,100
Market-Adjusted Model,13225,2012-10-22,-0.164556894,-0.129866849,-0.122324931,21,100
Market-Adjusted Model,13226,2012-10-22,-0.008870016,0.0335876967,0.0333619472,21,100
Market-Adjusted Model,13227,2012-10-22,-0.110389555,-0.069063737,-0.068157592,21,100
Market-Adjusted Model,13228,2012-10-22,0.0009307376,0.0440853467,0.0431627007,21,100
Market-Adjusted Model,13229,2012-10-22,-0.007236666,0.0358489525,0.0349952973,21,100
Market-Adjusted Model,13230,2012-10-22,-0.035812111,0.0090241747,0.0064198519,21,100
Market-Adjusted Model,13233,2012-10-22,-0.055407799,-0.012651649,-0.013175836,21,100
Market-Adjusted Model,13234,2012-10-22,-0.033758811,0.0100860245,0.0084731517,21,100
Market-Adjusted Model,13235,2012-10-22,-0.021216235,0.0215047658,0.0210157279,21,100
Market-Adjusted Model,13236,2012-10-22,0.0067862969,0.0507549378,0.04901826,21,100
Market-Adjusted Model,13237,2012-10-22,0.0080447468,0.0507777493,0.0502767099,21,100
Market-Adjusted Model,13238,2012-10-22,0.0138704066,0.0561741071,0.0561023697,21,100
Market-Adjusted Model,13239,2012-10-22,0.0060521942,0.0484068572,0.0482841573,21,100
Market-Adjusted Model,13240,2012-10-22,0.0043688877,0.0467081172,0.0466008508,21,100
Market-Adjusted Model,13241,2012-10-22,0.0056814904,0.0480325379,0.0479134535,21,100
Market-Adjusted Model,13242,2012-10-22,-0.005207991,0.0371164332,0.0370239717,21,100
Market-Adjusted Model,13243,2012-10-22,-0.045431248,-0.002202239,-0.003199285,21,100
Market-Adjusted Model,13244,2012-10-22,-0.118488236,-0.080298912,-0.076256273,21,100
Market-Adjusted Model,13245,2012-10-22,0.0253572739,0.0689613703,0.0675892369,21,100
Market-Adjusted Model,13246,2012-10-22,-0.008259018,0.0359900195,0.0339729449,21,100
Market-Adjusted Model,13247,2012-10-22,0.0233061472,0.0658910657,0.0655381103,21,100
Market-Adjusted Model,13248,2012-10-22,-0.02486593,0.0176587692,0.0173660329,21,100
Market-Adjusted Model,13249,2012-10-22,-0.003014733,0.0628900744,0.0392172304,21,100
Market-Adjusted Model,13250,2012-10-22,-0.135135119,-0.09610254,-0.092903156,21,100
Market-Adjusted Model,13251,2012-10-22,-0.00597171,0.037323402,0.0362602532,21,100
Market-Adjusted Model,13252,2012-10-22,-0.020716571,0.0222613049,0.0215153925,21,100
Market-Adjusted Model,13253,2012-10-22,0.1326530404,0.177097795,0.1748850035,21,100
Market-Adjusted Model,13254,2012-10-22,0.0124886776,0.0550348279,0.0547206407,21,100
Market-Adjusted Model,13255,2012-10-22,0.2704402486,0.2966258347,0.3126722117,21,100
Market-Adjusted Model,13256,2012-10-22,-0.037933499,0.0055594637,0.0042984644,21,100
Market-Adjusted Model,13257,2012-10-22,-0.021681001,0.0213140775,0.0205509617,21,100
Market-Adjusted Model,13260,2012-10-22,-0.160059862,-0.120003389,-0.117827898,21,100
Market-Adjusted Model,13261,2012-10-22,-0.355555583,-0.382011066,-0.313323619,21,100
Market-Adjusted Model,13262,2012-10-22,0.0669602808,0.1166582617,0.1091922439,21,100
Market-Adjusted Model,13263,2012-10-22,-0.211706084,-0.173039998,-0.169474121,21,100
Market-Adjusted Model,13264,2012-10-22,-0.145762732,-0.11117354,-0.103530769,21,100
Market-Adjusted Model,13265,2012-10-22,-0.206349226,-0.184179563,-0.164117263,21,100
Market-Adjusted Model,13267,2012-10-22,-0.200607864,-0.172764103,-0.158375901,21,100
Market-Adjusted Model,13268,2012-10-22,-0.016129051,0.0269152215,0.0261029119,21,100
Market-Adjusted Model,13269,2012-10-22,-0.0013929,0.0465019866,0.0408390629,21,100
Market-Adjusted Model,13270,2012-10-22,-0.023278608,0.0197962458,0.0189533554,21,100
Market-Adjusted Model,13271,2012-10-22,-0.021661012,0.0216154552,0.020570951,21,100
Market-Adjusted Model,13272,2012-10-22,0.0130665459,0.0566349267,0.055298509,21,100
Market-Adjusted Model,13273,2012-10-22,0.0027764633,0.0451464781,0.0450084264,21,100
Market-Adjusted Model,13277,2012-10-22,0.1455192527,0.1834738787,0.1877512157,21,100
Market-Adjusted Model,13278,2012-10-22,0.16015128,0.1938324127,0.2023832431,21,100
Market-Adjusted Model,13279,2012-10-22,-0.192211082,-0.159565853,-0.149979119,21,100
Market-Adjusted Model,13280,2012-10-22,-0.364721497,-0.39162335,-0.322489534,21,100
Market-Adjusted Model,13281,2012-10-22,-0.10989013,-0.062051201,-0.067658167,21,96
Market-Adjusted Model,13284,2012-10-22,0.0560841691,0.1017201293,0.0983161322,21,92
Market-Adjusted Model,13285,2012-10-22,-0.095971837,-0.053831267,-0.053739874,21,83
Market-Adjusted Model,13286,2012-10-22,0.0234114164,0.0695733259,0.0656433795,21,94
Market-Adjusted Model,13287,2012-10-22,0.0115675906,0.0538858904,0.0537995537,21,83
Market-Adjusted Model,13288,2012-10-22,0.0119706668,0.0542637569,0.0542026298,21,83
Market-Adjusted Model,13289,2012-10-22,0.0015113869,0.0438389727,0.04374335,21,83
Market-Adjusted Model,13292,2012-10-22,-0.143804608,-0.107960109,-0.101572645,21,92
Market-Adjusted Model,13293,2012-10-22,-0.039804809,0.0025025736,0.0024271537,21,88
Market-Adjusted Model,13294,2012-10-22,-0.117180966,-0.073541507,-0.074949003,21,87
Market-Adjusted Model,13295,2012-10-22,-0.011972908,0.0306001029,0.0302590555,21,94
Market-Adjusted Model,13296,2012-10-22,0.0099049093,0.0527325784,0.0521368724,21,83
Market-Adjusted Model,13297,2012-10-22,-0.029771018,0.0135030285,0.0124609453,21,88
Market-Adjusted Model,13298,2012-10-22,0.0232403348,0.0847575432,0.0654722979,21,82
Market-Adjusted Model,13299,2012-10-22,-0.202758255,-0.160481121,-0.160526292,21,97
Market-Adjusted Model,13300,2012-10-22,0.0072522486,0.0495525924,0.0494842117,21,100
Market-Adjusted Model,13301,2012-10-22,-0.084530421,-0.038157732,-0.042298458,21,82
Market-Adjusted Model,13302,2012-10-22,-0.003521208,0.0407851701,0.0387107552,21,83
Market-Adjusted Model,13305,2012-10-22,0.051881408,0.0982924177,0.094113371,21,82
Market-Adjusted Model,13306,2012-10-22,-0.011193564,-0.006872183,-0.006737518,7,92
Market-Adjusted Model,13307,2012-10-22,0.0008927927,0.0053290666,0.0053488383,7,92
Market-Adjusted Model,13308,2012-10-22,0.0032015684,0.0455248747,0.0454335315,21,92
Market-Adjusted Model,13309,2012-10-22,0.0387823417,0.0810156855,0.0810143047,21,98
Market-Adjusted Model,13310,2012-10-22,-0.017391341,0.0255385492,0.0248406217,21,83
Market-Adjusted Model,13314,2012-10-22,-0.090126801,-0.048729994,-0.047894838,21,87
Market-Adjusted Model,13315,2012-10-22,0.4804319109,0.4451427283,0.522663874,21,86
Market-Adjusted Model,13316,2012-10-22,-0.13845645,-0.099846242,-0.096224487,21,83
Market-Adjusted Model,13317,2012-10-22,-0.013014056,0.0301678116,0.029217907,21,86
Market-Adjusted Model,13318,2012-10-22,-0.352112676,-0.365322138,-0.309880713,21,100
Market-Adjusted Model,13319,2012-10-22,-0.081548656,-0.039074766,-0.039316693,21,81
Market-Adjusted Model,13320,2012-10-22,-0.064690457,-0.023952413,-0.022458494,21,100
Market-Adjusted Model,13321,2012-10-22,0.0033422611,0.0517600588,0.0455742242,21,87
Market-Adjusted Model,13322,2012-10-22,0.012112768,0.054378979,0.0543447311,21,97
Market-Adjusted Model,13323,2012-10-22,-0.101369888,-0.040617278,-0.059137925,21,81
Market-Adjusted Model,13324,2012-10-22,-0.086956501,-0.044338388,-0.044724538,21,86
Market-Adjusted Model,13325,2012-10-22,-0.193816851,-0.159985008,-0.151584888,21,82
Market-Adjusted Model,13326,2012-10-22,-0.066108783,-0.017222031,-0.02387682,21,92
Market-Adjusted Model,13327,2012-10-22,0.0430797703,0.0885935327,0.0853117334,21,100
Market-Adjusted Model,13328,2012-10-22,-0.146153822,-0.074744366,-0.103921859,21,87
Market-Adjusted Model,13329,2012-10-22,-0.266431972,-0.239989531,-0.224200009,21,82
Market-Adjusted Model,13330,2012-10-22,0.0010080859,0.0476190363,0.043240049,21,82
Market-Adjusted Model,13337,2012-10-22,-0.030395171,0.0151351386,0.0118367923,21,73
Market-Adjusted Model,13343,2012-10-22,-0.050185082,-0.006092012,-0.007953119,21,73
Market-Adjusted Model,13345,2012-10-22,0.0037969931,0.046506018,0.0460289561,21,79
Market-Adjusted Model,13348,2012-10-22,0.0195627935,0.0618303954,0.0617947566,21,74
Market-Adjusted Model,13352,2012-10-22,0.0723192422,0.1130212923,0.1145512053,21,73
Market-Adjusted Model,13353,2012-10-22,-0.024923693,0.0179172941,0.0173082699,21,80
Market-Adjusted Model,13358,2012-10-22,0.0540083868,0.0960461548,0.0962403499,21,77
Market-Adjusted Model,13366,2012-10-22,0.019147105,0.0640520549,0.061379068,21,75
Market-Adjusted Model,13368,2012-10-22,-0.0088823,0.0339053183,0.0333496633,21,72
Market-Adjusted Model,13372,2012-10-22,0.1504237482,0.2166337708,0.1926557113,21,70
Market-Adjusted Model,13373,2012-10-22,0.0121293998,0.0549425417,0.0543613629,21,74
Market-Adjusted Model,13376,2012-10-22,-0.327118662,-0.292238053,-0.284886699,21,71
Market-Adjusted Model,13380,2012-10-22,-0.038681076,0.0037107064,0.0035508869,21,78
Market-Adjusted Model,17202,2012-10-22,0.0136969553,0.0358807516,0.0357357651,5,100
Market-Adjusted Model,17205,2012-10-22,0.0033509921,0.0460285907,0.0455829552,21,100
Market-Adjusted Model,17210,2012-10-22,0.012637637,0.0348030104,0.0346764468,5,100
Market-Adjusted Model,17212,2012-10-22,0.0114207334,0.0335712493,0.0334595431,5,100
Market-Adjusted Model,17213,2012-10-22,-0.019442145,0.0229308478,0.0227898186,21,100
Market-Adjusted Model,17214,2012-10-22,-0.010011073,0.0325214189,0.0322208897,21,100
Market-Adjusted Model,17215,2012-10-22,-0.016405621,0.0057806213,0.0056331889,5,100
Market-Adjusted Model,17219,2012-10-22,-0.011516053,0.0106651599,0.0105227568,5,100
Market-Adjusted Model,17220,2012-10-22,-0.010306916,0.0118564785,0.0117318936,5,100
Market-Adjusted Model,17456,2012-10-22,-0.002552368,0.039842235,0.0396795955,21,77
Market-Adjusted Model,17459,2012-10-22,-0.023740096,0.0201123677,0.0184918667,21,100
Market-Adjusted Model,17460,2012-10-22,-0.054002505,-0.01201,-0.011770542,21,100
Market-Adjusted Model,17473,2012-10-22,-0.009428947,0.0329080177,0.0328030159,21,77
Market-Adjusted Model,17653,2012-10-22,-0.005439639,0.0371742723,0.0367923242,21,79
Market-Adjusted Model,17656,2012-10-22,0.0196901227,0.0619367566,0.0619220858,21,79
Market-Adjusted Model,17657,2012-10-22,-0.063646534,-0.021918816,-0.021414571,21,100
Market-Adjusted Model,17658,2012-10-22,-0.045209665,-0.002071049,-0.002977702,21,100
Market-Adjusted Model,17661,2012-10-22,-0.009449449,0.0337245296,0.0327825142,21,100
Market-Adjusted Model,17664,2012-10-22,-0.043236745,0.0001129717,-0.001004782,21,100
Market-Adjusted Model,17665,2012-10-22,-0.014142802,0.029033463,0.0280891608,21,100
Market-Adjusted Model,17666,2012-10-22,-0.00049511,0.0425494148,0.041736853,21,100
Market-Adjusted Model,17667,2012-10-22,-0.038275882,0.0046030281,0.0039560814,21,100
Market-Adjusted Model,87293,2012-10-22,-0.068161798,-0.025972447,-0.025929835,21,100
Market-Adjusted Model,93200,2012-10-22,-0.072492512,-0.031923747,-0.030260549,21,100
Market-Adjusted Model,93202,2012-10-22,0.0529411433,0.2644335093,0.0951731064,21,100
Market-Adjusted Model,93203,2012-10-22,-0.095960386,-0.057295575,-0.053728423,21,100
Market-Adjusted Model,93204,2012-10-22,-0.074811077,-0.032335795,-0.032579114,21,100
Market-Adjusted Model,93205,2012-10-22,-0.013568713,0.0291774085,0.0286632504,21,100
Market-Adjusted Model,93206,2012-10-22,0.0573979396,0.105449452,0.0996299027,21,100
Market-Adjusted Model,93207,2012-10-22,0.0000160594,0.0424794072,0.0422480225,21,100
Market-Adjusted Model,93208,2012-10-22,0.009981147,0.0527254773,0.0522131101,21,100
Market-Adjusted Model,93209,2012-10-22,-0.061349714,-0.011993144,-0.019117751,21,100
Market-Adjusted Model,93210,2012-10-22,-0.023049607,0.0199052078,0.0191823561,21,100
Market-Adjusted Model,93211,2012-10-22,-0.003538871,0.0387822024,0.0386930923,21,100
Market-Adjusted Model,93212,2012-10-22,0.0028985129,0.0452060153,0.045130476,21,100
Market-Adjusted Model,93213,2012-10-22,0.0011116837,0.0434364411,0.0433436467,21,100
Market-Adjusted Model,93214,2012-10-22,0.0039603683,0.0462943084,0.0461923314,21,100
Market-Adjusted Model,93215,2012-10-22,0.0025531739,0.0449348051,0.044785137,21,100
Market-Adjusted Model,93217,2012-10-22,0.0468455927,0.0913558932,0.0890775558,21,100
Market-Adjusted Model,93218,2012-10-22,0.0127073981,0.055499149,0.0549393612,21,100
Market-Adjusted Model,93219,2012-10-22,-0.006719374,0.0363975347,0.0355125895,21,100
Market-Adjusted Model,93221,2012-10-22,-0.011985079,0.0308496957,0.0302468844,21,100
Market-Adjusted Model,93222,2012-10-22,-0.102745131,-0.062534594,-0.060513168,21,100
Market-Adjusted Model,93223,2012-10-22,0.0097232691,0.0537554442,0.0519552322,21,100
Market-Adjusted Model,93224,2012-10-22,0.0048268151,0.055267244,0.0470587782,21,100
Market-Adjusted Model,93225,2012-10-22,-0.357460074,-0.367658604,-0.315228111,21,100
Market-Adjusted Model,93226,2012-10-22,0.0045998344,0.0479335066,0.0468317975,21,100
Market-Adjusted Model,93228,2012-10-22,0.0130570194,0.0611189214,0.0552889825,21,100
Market-Adjusted Model,93229,2012-10-22,0.0013599213,0.0448709891,0.0435918844,21,100
Market-Adjusted Model,93230,2012-10-22,0.0825688127,0.1336471221,0.1248007758,21,100
Market-Adjusted Model,93231,2012-10-22,-0.00498064,0.0394793718,0.0372513227,21,100
Market-Adjusted Model,93232,2012-10-22,-0.014213214,0.0299492471,0.0280187495,21,100
Market-Adjusted Model,93233,2012-10-22,0.088591719,0.1286628196,0.1308236821,21,100
Market-Adjusted Model,93234,2012-10-22,-0.028884019,0.0145470213,0.0133479436,21,100
Market-Adjusted Model,93235,2012-10-22,0.012883171,0.0553422917,0.0551151341,21,100
Market-Adjusted Model,93237,2012-10-22,0.4003044236,0.4508716233,0.4425363867,21,100
Market-Adjusted Model,93239,2012-10-22,-0.027026999,0.0339601388,0.015204964,21,100
Market-Adjusted Model,93240,2012-10-22,-0.216528934,-0.151907791,-0.174296971,21,100
Market-Adjusted Model,93243,2012-10-22,0.0028382862,0.0458225096,0.0450702493,21,100
Market-Adjusted Model,93245,2012-10-22,0.1014283385,0.141891509,0.1436603016,21,100
Market-Adjusted Model,93246,2012-10-22,0.4412106565,0.4351802958,0.4834426195,21,100
Market-Adjusted Model,93248,2012-10-22,-0.041912269,0.0023808676,0.0003196945,21,100
Market-Adjusted Model,93249,2012-10-22,0.0059096638,0.0486893391,0.0481416269,21,100
Market-Adjusted Model,93251,2012-10-22,0.0301274896,0.0726839218,0.0723594527,21,100
Market-Adjusted Model,93253,2012-10-22,0.0054518449,0.0477582127,0.047683808,21,100
Market-Adjusted Model,93254,2012-10-22,-0.015228515,0.0271587982,0.0270034485,21,100
Market-Adjusted Model,93255,2012-10-22,0.1461695369,0.1859376909,0.1884015,21,100
Market-Adjusted Model,93256,2012-10-22,0.0308927385,0.0825172604,0.0731247016,21,100
Market-Adjusted Model,93257,2012-10-22,0.1280352908,0.1714946747,0.1702672538,21,100
Market-Adjusted Model,93258,2012-10-22,-0.132269126,-0.090458021,-0.090037163,21,100
Market-Adjusted Model,93259,2012-10-22,-0.049981106,0.000542778,-0.007749143,21,100
Market-Adjusted Model,93260,2012-10-22,-0.142011922,-0.103438893,-0.099779959,21,100
Market-Adjusted Model,93261,2012-10-22,-0.045751622,-0.00266174,-0.003519659,21,100
Market-Adjusted Model,93262,2012-10-22,0.0254109166,0.0678194106,0.0676428797,21,100
Market-Adjusted Model,93264,2012-10-22,-0.117061955,-0.077440415,-0.074829992,21,100
Market-Adjusted Model,93265,2012-10-22,0.0384615078,0.0989623677,0.0806934709,21,100
Market-Adjusted Model,93266,2012-10-22,-0.241050115,-0.22038722,-0.198818152,21,100
Market-Adjusted Model,93267,2012-10-22,-0.004393689,0.0385328202,0.0378382738,21,100
Market-Adjusted Model,93268,2012-10-22,0.2204375301,0.252521945,0.2626694932,21,100
Market-Adjusted Model,93269,2012-10-22,-0.201429518,-0.170889656,-0.159197555,21,100
Market-Adjusted Model,93270,2012-10-22,-0.092465751,-0.025526081,-0.050233788,21,100
Market-Adjusted Model,93271,2012-10-22,-0.032258065,0.0126858892,0.0099738976,21,100
Market-Adjusted Model,93272,2012-10-22,-0.042789218,0.0207840599,-0.000557255,21,100
Market-Adjusted Model,93273,2012-10-22,0.0245901716,0.0809497229,0.0668221346,21,100
Market-Adjusted Model,93274,2012-10-22,1.0421276624,0.8102907472,1.0843596255,21,100
Market-Adjusted Model,93275,2012-10-22,-0.005803577,0.0368060325,0.0364283865,21,100
Market-Adjusted Model,93276,2012-10-22,-0.021888877,0.0209796137,0.0203430862,21,100
Market-Adjusted Model,93277,2012-10-22,-0.032026339,0.0105225742,0.0102056238,21,100
Market-Adjusted Model,93282,2012-10-22,-0.199064234,-0.162745898,-0.156832271,21,100
Market-Adjusted Model,93283,2012-10-22,0.035904592,0.1005413734,0.0781365551,21,100
Market-Adjusted Model,93284,2012-10-22,-0.086542013,-0.024807436,-0.04431005,21,100
Market-Adjusted Model,93285,2012-10-22,-0.136268369,-0.097093526,-0.094036406,21,100
Market-Adjusted Model,93286,2012-10-22,0.0038325124,0.0469981976,0.0460644755,21,100
Market-Adjusted Model,93288,2012-10-22,-0.042017066,0.0005961763,0.0002148966,21,100
Market-Adjusted Model,93289,2012-10-22,-0.250741792,-0.226552339,-0.208509829,21,100
Market-Adjusted Model,93290,2012-10-22,-0.038835007,0.0048803982,0.0033969566,21,100
Market-Adjusted Model,93291,2012-10-22,0.0160321038,0.0601882183,0.0582640669,21,100
Market-Adjusted Model,93292,2012-10-22,0.0094088533,0.0520571193,0.0516408163,21,100
Market-Adjusted Model,93293,2012-10-22,-0.056626792,-0.014470293,-0.014394829,21,100
Market-Adjusted Model,93294,2012-10-22,-0.064182152,-0.022304123,-0.021950189,21,100
Market-Adjusted Model,93295,2012-10-22,0.0684697258,0.1165517002,0.1107016889,21,100
Market-Adjusted Model,93296,2012-10-22,-0.021560545,0.02409448,0.0206714176,21,100
Market-Adjusted Model,93297,2012-10-22,0.0737179568,0.1160061463,0.1159499199,21,100
Market-Adjusted Model,93299,2012-10-22,0.0066666593,0.0545918211,0.0488986224,21,100
Market-Adjusted Model,93300,2012-10-22,-0.197920766,-0.139266252,-0.155688803,21,100
Market-Adjusted Model,93301,2012-10-22,-0.290290261,-0.287079445,-0.248058298,21,100
Market-Adjusted Model,93302,2012-10-22,-0.081726348,-0.027406136,-0.039494385,21,100
Market-Adjusted Model,93303,2012-10-22,0.0048093202,0.0497843442,0.0470412833,21,100
Market-Adjusted Model,93304,2012-10-22,-0.101023007,-0.059326139,-0.058791044,21,100
Market-Adjusted Model,93305,2012-10-22,0.0305406411,0.0767093397,0.0727726042,21,100
Market-Adjusted Model,93306,2012-10-22,0.0412121366,0.0842431966,0.0834440997,21,100
Market-Adjusted Model,93307,2012-10-22,-0.247761172,-0.225055312,-0.205529209,21,100
Market-Adjusted Model,93309,2012-10-22,-0.02305496,0.0215065797,0.0191770034,21,100
Market-Adjusted Model,93310,2012-10-22,-0.024390222,0.0419718001,0.0178417412,21,100
Market-Adjusted Model,93312,2012-10-22,-0.068190831,-0.025697226,-0.025958868,21,100
Market-Adjusted Model,93313,2012-10-22,-0.03267751,0.0498091869,0.009554453,21,100
Market-Adjusted Model,93314,2012-10-22,-0.056348135,-0.014680612,-0.014116172,21,100
Market-Adjusted Model,93315,2012-10-22,0.0386266759,0.0809605085,0.080858639,21,100
Market-Adjusted Model,93317,2012-10-22,-0.1996198,-0.165139425,-0.157387837,21,100
Market-Adjusted Model,93318,2012-10-22,-0.036628605,0.0085606526,0.0056033577,21,100
Market-Adjusted Model,93319,2012-10-22,0.0108024963,0.0546581383,0.0530344593,21,100
Market-Adjusted Model,93322,2012-10-22,-0.021134991,0.0217964468,0.0210969717,21,100
Market-Adjusted Model,93323,2012-10-22,0.1508248347,0.1908658523,0.1930567978,21,100
Market-Adjusted Model,93325,2012-10-22,0.0089280214,0.0514582384,0.0511599845,21,100
Market-Adjusted Model,93329,2012-10-22,-0.032858965,0.0095661698,0.0093729982,21,100
Market-Adjusted Model,93330,2012-10-22,-0.047717815,-0.004003397,-0.005485852,21,100
Market-Adjusted Model,93331,2012-10-22,0.0648584862,0.1064681693,0.1070904493,21,100
Market-Adjusted Model,93332,2012-10-22,-0.12934153,-0.089913471,-0.087109567,21,100
Market-Adjusted Model,93333,2012-10-22,-0.079034749,-0.035857458,-0.036802786,21,100
Market-Adjusted Model,93334,2012-10-22,-0.051904622,-0.006552515,-0.009672659,21,100
Market-Adjusted Model,93335,2012-10-22,0.0252176546,0.0700988939,0.0674496177,21,100
Market-Adjusted Model,93336,2012-10-22,-0.001681704,0.0453221584,0.0405502588,21,100
Market-Adjusted Model,93337,2012-10-22,-0.058673513,-0.015130474,-0.016441549,21,100
Market-Adjusted Model,93338,2012-10-22,0.025158876,0.0684076295,0.0673908391,21,100
Market-Adjusted Model,93339,2012-10-22,-0.068273124,-0.022001708,-0.026041161,21,100
Market-Adjusted Model,93340,2012-10-22,-0.036830347,0.0122121995,0.0054016163,21,100
Market-Adjusted Model,93341,2012-10-22,-0.228999657,-0.208112709,-0.186767694,21,100
Market-Adjusted Model,93342,2012-10-22,-0.009946116,0.0331924806,0.0322858467,21,100
Market-Adjusted Model,93343,2012-10-22,0.2693220321,0.2919586158,0.3115539952,21,100
Market-Adjusted Model,93344,2012-10-22,-0.101449264,-0.054921061,-0.059217301,21,100
Market-Adjusted Model,93345,2012-10-22,-0.231511192,-0.204154266,-0.189279229,21,100
Market-Adjusted Model,93346,2012-10-22,-0.51785712,-0.614152783,-0.475625157,21,100
Market-Adjusted Model,93347,2012-10-22,0.049558805,0.1230280801,0.0917907681,21,100
Market-Adjusted Model,93350,2012-10-22,-0.137755085,-0.055466186,-0.095523122,21,100
Market-Adjusted Model,93351,2012-10-22,-0.152542363,-0.055265206,-0.1103104,21,100
Market-Adjusted Model,93352,2012-10-22,-0.045343124,-0.002438499,-0.003111161,21,100
Market-Adjusted Model,93353,2012-10-22,0.2569266234,0.2926542756,0.2991585865,21,100
Market-Adjusted Model,93354,2012-10-22,-0.078014195,-0.031829109,-0.035782232,21,100
Market-Adjusted Model,93355,2012-10-22,-0.582278466,-0.656591187,-0.540046503,21,100
Market-Adjusted Model,93356,2012-10-22,-0.051036202,-0.003506523,-0.008804239,21,100
Market-Adjusted Model,93357,2012-10-22,-0.016140319,0.0269472308,0.0260916437,21,100
Market-Adjusted Model,93359,2012-10-22,-0.016732293,0.0272948008,0.0254996697,21,100
Market-Adjusted Model,93360,2012-10-22,-0.057941215,-0.014788663,-0.015709252,21,100
Market-Adjusted Model,93361,2012-10-22,-0.044657084,-0.002770672,-0.002425121,21,100
Market-Adjusted Model,93362,2012-10-22,-0.015492116,0.0279469096,0.026739847,21,100
Market-Adjusted Model,93363,2012-10-22,-0.03626718,0.0072925639,0.0059647835,21,100
Market-Adjusted Model,93364,2012-10-22,-0.046679642,-0.004355726,-0.004447679,21,100
Market-Adjusted Model,93365,2012-10-22,-0.061979332,-0.021012817,-0.019747369,21,100
Market-Adjusted Model,93366,2012-10-22,-0.061202131,-0.019724944,-0.018970168,21,100
Market-Adjusted Model,93367,2012-10-22,-0.017787049,0.0254523253,0.0244449144,21,100
Market-Adjusted Model,93368,2012-10-22,-0.010411494,0.0328915296,0.0318204694,21,100
Market-Adjusted Model,93369,2012-10-22,0.0682839388,0.1151617383,0.1105159019,21,100
Market-Adjusted Model,93370,2012-10-22,-0.019432917,0.0231601061,0.022799046,21,100
Market-Adjusted Model,93371,2012-10-22,1.208333309,1.0458224848,1.2505652721,21,100
Market-Adjusted Model,93372,2012-10-22,-0.058666672,-0.014866789,-0.016434709,21,100
Market-Adjusted Model,93373,2012-10-22,-0.009523865,0.0373313463,0.0327080983,21,100
Market-Adjusted Model,93374,2012-10-22,0.023472134,0.070335383,0.0657040971,21,100
Market-Adjusted Model,93376,2012-10-22,-0.04051038,0.0016263353,0.0017215828,21,100
Market-Adjusted Model,93377,2012-10-22,-0.007815037,0.0351871971,0.0344169266,21,100
Market-Adjusted Model,93378,2012-10-22,-0.016337104,0.0273106692,0.0258948591,21,100
Market-Adjusted Model,93379,2012-10-22,-0.062431513,-0.020438145,-0.02019955,21,100
Market-Adjusted Model,93380,2012-10-22,-0.030226729,0.0273488526,0.012005234,21,100
Market-Adjusted Model,93381,2012-10-22,-0.091346107,-0.048919381,-0.049114144,21,100
Market-Adjusted Model,93382,2012-10-22,-0.008100144,0.0451717045,0.0341318194,21,100
Market-Adjusted Model,93383,2012-10-22,-0.034960403,0.0078086515,0.0072715604,21,100
Market-Adjusted Model,93384,2012-10-22,-0.060011893,-0.014216525,-0.01777993,21,100
Market-Adjusted Model,93385,2012-10-22,-0.009427712,0.0330557985,0.0328042507,21,100
Market-Adjusted Model,93386,2012-10-22,0.0151390114,0.0575585824,0.0573709745,21,100
Market-Adjusted Model,93387,2012-10-22,-0.018276769,0.0296007252,0.0239551939,21,100
Market-Adjusted Model,93388,2012-10-22,-0.028324753,0.0146504782,0.0139072105,21,100
Market-Adjusted Model,93389,2012-10-22,-0.145714296,-0.027359916,-0.103482332,21,100
Market-Adjusted Model,93390,2012-10-22,-0.23050849,-0.165049808,-0.188276526,21,100
Market-Adjusted Model,93391,2012-10-22,-0.102040845,-0.050777302,-0.059808882,21,100
Market-Adjusted Model,93392,2012-10-22,-0.020092704,0.0239086707,0.0221392594,21,100
Market-Adjusted Model,93393,2012-10-22,-0.05827506,-0.012487025,-0.016043097,21,100
Market-Adjusted Model,93396,2012-10-22,0.1369863989,0.4291081665,0.179218362,21,100
Market-Adjusted Model,93397,2012-10-22,0.0772420823,0.1239620742,0.1194740454,21,100
Market-Adjusted Model,93398,2012-10-22,0.0623608491,0.1095512623,0.1045928122,21,100
Market-Adjusted Model,93399,2012-10-22,-0.120879154,-0.066234656,-0.078647191,21,100
Market-Adjusted Model,93400,2012-10-22,-0.066926115,-0.020786108,-0.024694152,21,100
Market-Adjusted Model,93401,2012-10-22,0.1855999754,0.2206234024,0.2278319385,21,100
Market-Adjusted Model,93402,2012-10-22,0.1032702466,0.1488023587,0.1455022097,21,100
Market-Adjusted Model,93404,2012-10-22,-0.177192944,-0.14755296,-0.134960981,21,100
Market-Adjusted Model,93406,2012-10-22,-0.008849546,0.037982626,0.0333824174,21,100
Market-Adjusted Model,93407,2012-10-22,0.0016561951,0.0439790319,0.0438881582,21,100
Market-Adjusted Model,93408,2012-10-22,0.0017380146,0.0440533703,0.0439699777,21,100
Market-Adjusted Model,93409,2012-10-22,0.0007298237,0.0430507101,0.0429617868,21,100
Market-Adjusted Model,93410,2012-10-22,0.0022998528,0.0446036734,0.0445318159,21,100
Market-Adjusted Model,93411,2012-10-22,0.0001423306,0.0424686102,0.0423742937,21,100
Market-Adjusted Model,93412,2012-10-22,0.0017094477,0.0440167582,0.0439414108,21,100
Market-Adjusted Model,93414,2012-10-22,-0.031806614,0.0109238159,0.0104253488,21,100
Market-Adjusted Model,93415,2012-10-22,-0.023180141,0.0193618652,0.0190518216,21,100
Market-Adjusted Model,93416,2012-10-22,0.0172510502,0.0598605852,0.0594830133,21,100
Market-Adjusted Model,93417,2012-10-22,0.0028452357,0.0457961283,0.0450771988,21,100
Market-Adjusted Model,93418,2012-10-22,-0.219804972,-0.191254821,-0.177573009,21,100
Market-Adjusted Model,93419,2012-10-22,0.0042328001,0.0477443736,0.0464647632,21,100
Market-Adjusted Model,93420,2012-10-22,-0.007575805,0.0394433245,0.0346561578,21,100
Market-Adjusted Model,93421,2012-10-22,-0.000240878,0.0421453741,0.0419910846,21,100
Market-Adjusted Model,93422,2012-10-22,-0.103252306,-0.061583307,-0.061020343,21,100
Market-Adjusted Model,93423,2012-10-22,-0.085109838,-0.039043524,-0.042877875,21,100
Market-Adjusted Model,93424,2012-10-22,-0.00062872,0.0433359307,0.0416032427,21,100
Market-Adjusted Model,93425,2012-10-22,-0.039757234,0.0041845762,0.002474729,21,100
Market-Adjusted Model,93426,2012-10-22,-0.127259598,-0.090692264,-0.085027635,21,100
Market-Adjusted Model,93427,2012-10-22,0.0758619969,0.1671827777,0.11809396,21,100
Market-Adjusted Model,93428,2012-10-22,-0.17065709,-0.11195146,-0.128425127,21,100
Market-Adjusted Model,93429,2012-10-22,0.0228955712,0.0662449421,0.0651275343,21,100
Market-Adjusted Model,93431,2012-10-22,0.0115606792,0.0593027048,0.0537926423,21,100
Market-Adjusted Model,93433,2012-10-22,0.3863636621,0.4707632904,0.4285956251,21,100
Market-Adjusted Model,93434,2012-10-22,0.1023621684,0.1476428033,0.1445941315,21,100
Market-Adjusted Model,93436,2012-10-22,0.0917273016,0.1380107665,0.1339592647,21,100
